ID,type
0,2
1,2
2,2
3,3
4,4
5,4
6,2
7,4
8,2
9,2
10,3
11,2
12,4
13,4
14,3
15,1
16,4
17,3
18,3
19,1
20,1
21,2
22,3
23,1
24,3
25,1
26,1
27,3
28,2
29,1
30,4
31,4
32,3
33,4
34,3
35,4
36,3
37,1
38,1
39,4
40,4
41,2
42,2
43,4
44,2
45,3
46,1
47,2
48,1
49,2
50,4
51,4
52,3
53,1
54,2
55,2
56,1
57,2
58,1
59,4
60,2
61,1
62,1
63,2
64,4
65,4
66,2
67,3
68,1
69,1
70,4
71,1
72,2
73,2
74,3
75,2
76,3
77,1
78,1
79,2
80,2
81,4
82,1
83,3
84,2
85,4
86,1
87,2
88,4
89,2
90,3
91,4
92,2
93,1
94,1
95,3
96,4
97,2
98,3
99,1
100,3
101,4
102,3
103,1
104,1
105,2
106,1
107,4
108,2
109,1
110,3
111,2
112,4
113,3
114,4
115,3
116,1
117,3
118,1
119,3
120,2
121,4
122,3
123,3
124,1
125,4
126,2
127,2
128,4
129,2
130,4
131,3
132,4
133,3
134,2
135,1
136,1
137,2
138,2
139,1
140,2
141,2
142,4
143,2
144,2
145,3
146,4
147,3
148,2
149,4
150,3
151,1
152,1
153,1
154,1
155,1
156,3
157,4
158,2
159,1
160,2
161,1
162,2
163,3
164,4
165,1
166,1
167,2
168,2
169,2
170,4
171,2
172,1
173,4
174,2
175,3
176,2
177,2
178,3
179,4
180,4
181,2
182,4
183,1
184,3
185,4
186,1
187,4
188,1
189,4
190,4
191,4
192,4
193,4
194,1
195,2
196,3
197,4
198,1
199,1
200,2
201,2
202,2
203,4
204,2
205,2
206,4
207,1
208,3
209,3
210,3
211,3
212,2
213,2
214,3
215,3
216,3
217,3
218,4
219,2
220,4
221,2
222,1
223,1
224,2
225,2
226,4
227,4
228,2
229,3
230,2
231,2
232,2
233,3
234,4
235,4
236,4
237,4
238,1
239,1
240,4
241,4
242,3
243,2
244,4
245,3
246,1
247,3
248,3
249,2
250,1
251,4
252,4
253,1
254,3
255,1
256,1
257,1
258,2
259,1
260,4
261,3
262,3
263,4
264,2
265,3
266,2
267,2
268,2
269,4
270,2
271,1
272,4
273,3
274,3
275,3
276,4
277,2
278,1
279,4
280,3
281,1
282,4
283,2
284,3
285,1
286,4
287,2
288,3
289,4
290,1
291,2
292,1
293,2
294,4
295,1
296,3
297,1
298,1
299,3
300,4
301,4
302,4
303,4
304,1
305,3
306,1
307,4
308,1
309,1
310,4
311,2
312,1
313,1
314,4
315,2
316,3
317,4
318,2
319,2
320,2
321,4
322,2
323,4
324,1
325,4
326,2
327,2
328,4
329,4
330,2
331,2
332,4
333,2
334,2
335,3
336,2
337,2
338,4
339,3
340,3
341,2
342,1
343,3
344,2
345,1
346,2
347,4
348,4
349,1
350,1
351,2
352,1
353,3
354,2
355,2
356,2
357,4
358,2
359,2
360,4
361,3
362,2
363,3
364,3
365,4
366,4
367,4
368,1
369,2
370,4
371,4
372,1
373,3
374,3
375,4
376,2
377,4
378,1
379,3
380,3
381,1
382,3
383,1
384,4
385,2
386,1
387,4
388,4
389,1
390,1
391,1
392,4
393,2
394,4
395,1
396,2
397,3
398,3
399,3
400,2
401,4
402,1
403,3
404,2
405,1
406,1
407,3
408,1
409,1
410,3
411,2
412,3
413,4
414,2
415,3
416,2
417,1
418,4
419,1
420,1
421,3
422,1
423,1
424,1
425,1
426,3
427,2
428,3
429,2
430,3
431,4
432,3
433,4
434,4
435,3
436,4
437,1
438,3
439,1
440,3
441,2
442,1
443,3
444,3
445,1
446,2
447,3
448,4
449,1
450,4
451,4
452,4
453,3
454,4
455,4
456,3
457,3
458,4
459,4
460,3
461,1
462,3
463,4
464,4
465,2
466,2
467,3
468,2
469,3
470,4
471,1
472,2
473,1
474,3
475,4
476,2
477,1
478,4
479,3
480,2
481,2
482,2
483,2
484,4
485,4
486,1
487,1
488,3
489,4
490,4
491,3
492,2
493,4
494,4
495,1
496,4
497,2
498,4
499,1
500,2
501,2
502,4
503,3
504,4
505,3
506,3
507,3
508,4
509,3
510,3
511,1
512,4
513,1
514,1
515,4
516,2
517,3
518,2
519,3
520,2
521,3
522,1
523,2
524,3
525,1
526,2
527,3
528,1
529,3
530,3
531,2
532,3
533,2
534,3
535,3
536,3
537,2
538,3
539,1
540,3
541,3
542,2
543,1
544,1
545,3
546,4
547,2
548,2
549,1
550,1
551,3
552,4
553,4
554,3
555,4
556,3
557,2
558,4
559,2
560,2
561,3
562,3
563,2
564,1
565,2
566,3
567,3
568,4
569,2
570,4
571,3
572,2
573,3
574,1
575,1
576,1
577,3
578,1
579,3
580,4
581,3
582,1
583,1
584,1
585,1
586,4
587,3
588,4
589,4
590,3
591,2
592,1
593,4
594,1
595,3
596,3
597,4
598,3
599,3
600,2
601,3
602,3
603,4
604,2
605,2
606,1
607,4
608,4
609,2
610,1
611,1
612,1
613,4
614,1
615,1
616,3
617,4
618,4
619,4
620,1
621,2
622,2
623,4
624,1
625,2
626,3
627,2
628,4
629,2
630,2
631,3
632,4
633,3
634,2
635,3
636,4
637,3
638,2
639,3
640,1
641,2
642,1
643,3
644,3
645,1
646,1
647,1
648,1
649,1
650,3
651,1
652,1
653,3
654,2
655,4
656,2
657,3
658,1
659,3
660,2
661,1
662,3
663,2
664,3
665,1
666,2
667,2
668,4
669,1
670,1
671,3
672,1
673,2
674,2
675,3
676,1
677,1
678,1
679,3
680,3
681,2
682,3
683,1
684,3
685,4
686,3
687,1
688,3
689,1
690,1
691,3
692,2
693,1
694,2
695,3
696,4
697,2
698,1
699,1
700,3
701,2
702,1
703,2
704,4
705,2
706,3
707,1
708,3
709,3
710,2
711,3
712,1
713,3
714,4
715,3
716,3
717,2
718,2
719,2
720,4
721,2
722,2
723,2
724,1
725,2
726,4
727,4
728,2
729,2
730,2
731,1
732,4
733,4
734,1
735,4
736,1
737,3
738,4
739,4
740,2
741,1
742,4
743,4
744,1
745,3
746,3
747,4
748,2
749,1
750,1
751,3
752,3
753,1
754,2
755,3
756,3
757,1
758,1
759,2
760,3
761,4
762,1
763,1
764,3
765,2
766,4
767,4
768,2
769,1
770,2
771,2
772,4
773,2
774,4
775,4
776,3
777,3
778,3
779,3
780,3
781,4
782,1
783,4
784,1
785,2
786,2
787,4
788,4
789,1
790,4
791,2
792,2
793,3
794,3
795,2
796,4
797,2
798,2
799,4
800,1
801,4
802,4
803,4
804,4
805,2
806,2
807,3
808,3
809,4
810,4
811,1
812,1
813,2
814,1
815,4
816,4
817,3
818,3
819,4
820,1
821,2
822,4
823,3
824,1
825,1
826,4
827,2
828,3
829,3
830,3
831,3
832,4
833,2
834,2
835,4
836,1
837,4
838,2
839,2
840,2
841,1
842,4
843,2
844,4
845,2
846,4
847,4
848,2
849,2
850,4
851,3
852,2
853,3
854,3
855,1
856,1
857,2
858,2
859,3
860,2
861,2
862,1
863,4
864,1
865,4
866,2
867,2
868,1
869,2
870,1
871,1
872,2
873,3
874,1
875,4
876,4
877,3
878,3
879,4
880,2
881,2
882,2
883,1
884,2
885,3
886,2
887,3
888,3
889,1
890,3
891,1
892,4
893,2
894,1
895,1
896,3
897,4
898,4
899,2
900,4
901,2
902,1
903,2
904,1
905,4
906,2
907,3
908,2
909,1
910,4
911,1
912,4
913,2
914,1
915,4
916,1
917,3
918,1
919,2
920,4
921,3
922,4
923,2
924,4
925,4
926,4
927,2
928,1
929,1
930,3
931,1
932,4
933,3
934,1
935,1
936,4
937,2
938,1
939,2
940,3
941,1
942,1
943,3
944,2
945,2
946,1
947,4
948,3
949,3
950,1
951,3
952,2
953,4
954,3
955,4
956,1
957,3
958,3
959,4
960,3
961,1
962,4
963,2
964,4
965,1
966,2
967,4
968,3
969,4
970,3
971,3
972,2
973,4
974,4
975,3
976,4
977,2
978,4
979,2
980,4
981,1
982,1
983,4
984,1
985,1
986,4
987,3
988,3
989,3
990,3
991,1
992,4
993,2
994,1
995,1
996,3
997,2
998,3
999,4
1000,1
1001,3
1002,3
1003,1
1004,1
1005,2
1006,3
1007,2
1008,4
1009,1
1010,1
1011,4
1012,2
1013,3
1014,1
1015,2
1016,2
1017,1
1018,1
1019,3
1020,3
1021,1
1022,4
1023,3
1024,4
1025,1
1026,2
1027,1
1028,4
1029,4
1030,3
1031,1
1032,4
1033,3
1034,3
1035,2
1036,1
1037,1
1038,1
1039,2
1040,3
1041,1
1042,4
1043,2
1044,2
1045,2
1046,1
1047,4
1048,4
1049,1
1050,4
1051,4
1052,2
1053,4
1054,4
1055,2
1056,1
1057,3
1058,3
1059,1
1060,4
1061,1
1062,4
1063,1
1064,1
1065,3
1066,4
1067,4
1068,3
1069,4
1070,1
1071,4
1072,3
1073,1
1074,2
1075,3
1076,1
1077,1
1078,2
1079,3
1080,3
1081,4
1082,4
1083,2
1084,3
1085,2
1086,1
1087,3
1088,4
1089,4
1090,3
1091,3
1092,4
1093,3
1094,1
1095,2
1096,1
1097,2
1098,4
1099,2
1100,2
1101,3
1102,3
1103,2
1104,1
1105,4
1106,2
1107,4
1108,4
1109,1
1110,4
1111,3
1112,3
1113,3
1114,2
1115,1
1116,1
1117,1
1118,3
1119,3
1120,2
1121,1
1122,2
1123,4
1124,2
1125,3
1126,2
1127,3
1128,1
1129,1
1130,2
1131,3
1132,1
1133,2
1134,4
1135,1
1136,2
1137,4
1138,1
1139,3
1140,2
1141,2
1142,1
1143,4
1144,1
1145,3
1146,1
1147,3
1148,2
1149,3
1150,4
1151,2
1152,4
1153,4
1154,4
1155,1
1156,2
1157,3
1158,1
1159,3
1160,4
1161,3
1162,1
1163,2
1164,2
1165,3
1166,4
1167,2
1168,1
1169,3
1170,1
1171,4
1172,1
1173,2
1174,4
1175,4
1176,2
1177,3
1178,4
1179,4
1180,3
1181,4
1182,4
1183,2
1184,2
1185,2
1186,4
1187,3
1188,4
1189,3
1190,1
1191,1
1192,1
1193,4
1194,3
1195,1
1196,4
1197,2
1198,2
1199,1
1200,2
1201,3
1202,4
1203,2
1204,4
1205,4
1206,4
1207,1
1208,2
1209,4
1210,2
1211,4
1212,2
1213,4
1214,3
1215,3
1216,1
1217,2
1218,1
1219,1
1220,4
1221,4
1222,3
1223,3
1224,3
1225,2
1226,4
1227,1
1228,4
1229,3
1230,2
1231,1
1232,2
1233,2
1234,4
1235,4
1236,3
1237,4
1238,3
1239,3
1240,2
1241,3
1242,4
1243,4
1244,1
1245,2
1246,2
1247,3
1248,2
1249,3
1250,2
1251,4
1252,2
1253,2
1254,1
1255,1
1256,4
1257,1
1258,4
1259,1
1260,3
1261,1
1262,3
1263,1
1264,1
1265,1
1266,3
1267,3
1268,3
1269,4
1270,2
1271,3
1272,1
1273,1
1274,2
1275,2
1276,3
1277,2
1278,1
1279,4
1280,1
1281,1
1282,2
1283,4
1284,2
1285,3
1286,1
1287,2
1288,4
1289,2
1290,3
1291,3
1292,4
1293,1
1294,2
1295,1
1296,3
1297,2
1298,3
1299,1
1300,4
1301,3
1302,1
1303,4
1304,1
1305,1
1306,4
1307,3
1308,3
1309,4
1310,2
1311,2
1312,4
1313,2
1314,2
1315,4
1316,1
1317,1
1318,2
1319,1
1320,4
1321,2
1322,1
1323,2
1324,2
1325,1
1326,4
1327,2
1328,4
1329,4
1330,4
1331,2
1332,2
1333,1
1334,4
1335,4
1336,4
1337,4
1338,1
1339,4
1340,1
1341,2
1342,1
1343,3
1344,1
1345,1
1346,3
1347,4
1348,1
1349,1
1350,3
1351,3
1352,4
1353,3
1354,2
1355,1
1356,1
1357,1
1358,2
1359,4
1360,2
1361,2
1362,3
1363,1
1364,2
1365,2
1366,4
1367,4
1368,4
1369,4
1370,3
1371,3
1372,4
1373,2
1374,3
1375,2
1376,2
1377,4
1378,1
1379,1
1380,1
1381,1
1382,2
1383,2
1384,4
1385,2
1386,3
1387,2
1388,1
1389,1
1390,4
1391,4
1392,1
1393,2
1394,2
1395,2
1396,4
1397,3
1398,3
1399,2
1400,4
1401,1
1402,3
1403,3
1404,4
1405,4
1406,1
1407,1
1408,3
1409,4
1410,2
1411,1
1412,3
1413,4
1414,4
1415,3
1416,4
1417,3
1418,1
1419,4
1420,3
1421,1
1422,2
1423,2
1424,3
1425,1
1426,3
1427,2
1428,3
1429,3
1430,1
1431,4
1432,4
1433,1
1434,4
1435,2
1436,3
1437,3
1438,4
1439,2
1440,4
1441,2
1442,4
1443,4
1444,4
1445,4
1446,2
1447,2
1448,3
1449,4
1450,4
1451,4
1452,4
1453,1
1454,4
1455,4
1456,1
1457,1
1458,4
1459,3
1460,1
1461,4
1462,4
1463,2
1464,1
1465,1
1466,2
1467,1
1468,3
1469,4
1470,1
1471,1
1472,3
1473,1
1474,3
1475,2
1476,3
1477,4
1478,3
1479,4
1480,2
1481,1
1482,3
1483,4
1484,2
1485,3
1486,4
1487,3
1488,1
1489,2
1490,2
1491,3
1492,2
1493,3
1494,3
1495,1
1496,1
1497,2
1498,4
1499,1
1500,4
1501,1
1502,4
1503,2
1504,1
1505,1
1506,3
1507,3
1508,2
1509,4
1510,4
1511,1
1512,1
1513,1
1514,3
1515,4
1516,1
1517,1
1518,1
1519,2
1520,3
1521,3
1522,1
1523,3
1524,3
1525,2
1526,4
1527,1
1528,4
1529,2
1530,1
1531,3
1532,2
1533,2
1534,4
1535,1
1536,1
1537,2
1538,3
1539,2
1540,4
1541,1
1542,3
1543,4
1544,1
1545,4
1546,3
1547,4
1548,1
1549,1
1550,3
1551,2
1552,2
1553,4
1554,3
1555,4
1556,1
1557,4
1558,1
1559,4
1560,3
1561,2
1562,1
1563,3
1564,3
1565,2
1566,3
1567,4
1568,1
1569,2
1570,1
1571,2
1572,1
1573,2
1574,4
1575,2
1576,3
1577,2
1578,2
1579,3
1580,3
1581,1
1582,1
1583,1
1584,4
1585,2
1586,4
1587,3
1588,4
1589,2
1590,3
1591,3
1592,1
1593,3
1594,3
1595,2
1596,4
1597,3
1598,2
1599,1
1600,1
1601,4
1602,2
1603,2
1604,4
1605,4
1606,2
1607,2
1608,3
1609,4
1610,3
1611,2
1612,4
1613,4
1614,1
1615,3
1616,2
1617,3
1618,2
1619,3
1620,4
1621,3
1622,2
1623,4
1624,3
1625,2
1626,2
1627,3
1628,2
1629,1
1630,2
1631,1
1632,1
1633,3
1634,1
1635,2
1636,1
1637,1
1638,4
1639,3
1640,4
1641,2
1642,3
1643,3
1644,2
1645,3
1646,3
1647,2
1648,1
1649,4
1650,2
1651,2
1652,3
1653,1
1654,4
1655,4
1656,1
1657,1
1658,4
1659,1
1660,4
1661,3
1662,4
1663,3
1664,4
1665,2
1666,2
1667,3
1668,3
1669,1
1670,3
1671,4
1672,4
1673,4
1674,1
1675,2
1676,4
1677,1
1678,1
1679,3
1680,4
1681,2
1682,1
1683,1
1684,1
1685,2
1686,2
1687,1
1688,3
1689,4
1690,3
1691,2
1692,3
1693,1
1694,2
1695,4
1696,4
1697,3
1698,4
1699,1
1700,4
1701,1
1702,2
1703,4
1704,1
1705,3
1706,2
1707,2
1708,4
1709,1
1710,4
1711,1
1712,1
1713,1
1714,2
1715,3
1716,3
1717,1
1718,3
1719,1
1720,2
1721,1
1722,1
1723,1
1724,2
1725,3
1726,3
1727,3
1728,1
1729,2
1730,3
1731,1
1732,2
1733,4
1734,1
1735,1
1736,1
1737,4
1738,1
1739,3
1740,2
1741,1
1742,1
1743,3
1744,3
1745,2
1746,4
1747,4
1748,2
1749,3
1750,3
1751,2
1752,3
1753,1
1754,1
1755,2
1756,2
1757,4
1758,2
1759,1
1760,3
1761,4
1762,2
1763,1
1764,4
1765,4
1766,3
1767,1
1768,4
1769,2
1770,1
1771,4
1772,2
1773,3
1774,2
1775,2
1776,4
1777,2
1778,1
1779,2
1780,3
1781,1
1782,2
1783,3
1784,3
1785,2
1786,4
1787,3
1788,3
1789,2
1790,2
1791,2
1792,1
1793,1
1794,3
1795,1
1796,1
1797,1
1798,3
1799,1
1800,3
1801,2
1802,1
1803,3
1804,1
1805,2
1806,1
1807,1
1808,1
1809,1
1810,2
1811,4
1812,4
1813,2
1814,4
1815,2
1816,4
1817,2
1818,1
1819,1
1820,2
1821,1
1822,3
1823,3
1824,3
1825,1
1826,1
1827,4
1828,4
1829,2
1830,3
1831,1
1832,3
1833,1
1834,3
1835,1
1836,3
1837,2
1838,3
1839,2
1840,4
1841,1
1842,1
1843,4
1844,2
1845,4
1846,4
1847,2
1848,3
1849,2
1850,4
1851,2
1852,1
1853,1
1854,3
1855,1
1856,2
1857,4
1858,1
1859,2
1860,2
1861,4
1862,3
1863,3
1864,1
1865,3
1866,2
1867,2
1868,3
1869,2
1870,1
1871,2
1872,3
1873,2
1874,4
1875,4
1876,3
1877,1
1878,4
1879,2
1880,2
1881,4
1882,2
1883,2
1884,4
1885,1
1886,4
1887,3
1888,2
1889,4
1890,4
1891,3
1892,4
1893,3
1894,2
1895,2
1896,3
1897,1
1898,1
1899,1
1900,2
1901,3
1902,4
1903,2
1904,3
1905,3
1906,2
1907,1
1908,2
1909,3
1910,2
1911,3
1912,3
1913,3
1914,4
1915,1
1916,1
1917,2
1918,2
1919,2
1920,3
1921,4
1922,1
1923,2
1924,3
1925,3
1926,4
1927,1
1928,3
1929,2
1930,2
1931,3
1932,1
1933,4
1934,3
1935,4
1936,3
1937,3
1938,1
1939,1
1940,3
1941,3
1942,2
1943,4
1944,2
1945,1
1946,2
1947,3
1948,4
1949,4
1950,2
1951,3
1952,2
1953,3
1954,4
1955,2
1956,3
1957,3
1958,1
1959,3
1960,1
1961,1
1962,2
1963,2
1964,4
1965,2
1966,2
1967,1
1968,2
1969,2
1970,2
1971,3
1972,2
1973,4
1974,3
1975,3
1976,3
1977,2
1978,2
1979,2
1980,2
1981,2
1982,4
1983,4
1984,2
1985,2
1986,1
1987,4
1988,1
1989,3
1990,2
1991,2
1992,2
1993,2
1994,3
1995,2
1996,3
1997,1
1998,2
1999,2
2000,3
2001,1
2002,1
2003,3
2004,4
2005,3
2006,1
2007,4
2008,4
2009,3
2010,1
2011,4
2012,2
2013,1
2014,3
2015,3
2016,4
2017,1
2018,1
2019,3
2020,2
2021,2
2022,1
2023,3
2024,4
2025,2
2026,3
2027,3
2028,1
2029,3
2030,1
2031,1
2032,4
2033,4
2034,1
2035,3
2036,3
2037,1
2038,2
2039,3
2040,4
2041,4
2042,2
2043,1
2044,4
2045,4
2046,4
2047,4
2048,4
2049,3
2050,3
2051,2
2052,1
2053,1
2054,2
2055,2
2056,4
2057,2
2058,3
2059,3
2060,1
2061,4
2062,1
2063,3
2064,4
2065,2
2066,3
2067,1
2068,2
2069,4
2070,4
2071,2
2072,1
2073,4
2074,2
2075,2
2076,4
2077,3
2078,4
2079,3
2080,1
2081,3
2082,4
2083,4
2084,4
2085,1
2086,1
2087,4
2088,4
2089,4
2090,2
2091,4
2092,1
2093,2
2094,2
2095,4
2096,1
2097,2
2098,4
2099,3
2100,3
2101,3
2102,2
2103,3
2104,3
2105,3
2106,1
2107,1
2108,3
2109,1
2110,3
2111,2
2112,3
2113,1
2114,4
2115,2
2116,4
2117,3
2118,4
2119,4
2120,3
2121,3
2122,2
2123,1
2124,1
2125,3
2126,3
2127,4
2128,4
2129,2
2130,1
2131,3
2132,1
2133,1
2134,2
2135,2
2136,2
2137,2
2138,4
2139,2
2140,3
2141,2
2142,1
2143,1
2144,4
2145,3
2146,2
2147,2
2148,2
2149,1
2150,3
2151,3
2152,2
2153,4
2154,1
2155,3
2156,2
2157,2
2158,2
2159,2
2160,4
2161,1
2162,4
2163,1
2164,1
2165,1
2166,3
2167,2
2168,1
2169,2
2170,1
2171,4
2172,3
2173,3
2174,3
2175,3
2176,3
2177,1
2178,4
2179,2
2180,3
2181,1
2182,2
2183,2
2184,2
2185,4
2186,3
2187,4
2188,4
2189,4
2190,4
2191,4
2192,4
2193,3
2194,2
2195,4
2196,3
2197,2
2198,4
2199,3
2200,1
2201,2
2202,4
2203,3
2204,3
2205,3
2206,2
2207,2
2208,3
2209,3
2210,1
2211,3
2212,4
2213,2
2214,4
2215,1
2216,4
2217,1
2218,1
2219,1
2220,1
2221,1
2222,4
2223,2
2224,2
2225,4
2226,2
2227,3
2228,3
2229,4
2230,4
2231,3
2232,2
2233,3
2234,3
2235,1
2236,3
2237,4
2238,1
2239,3
2240,1
2241,3
2242,2
2243,1
2244,3
2245,3
2246,3
2247,2
2248,4
2249,3
2250,2
2251,1
2252,3
2253,2
2254,1
2255,3
2256,4
2257,4
2258,2
2259,3
2260,4
2261,2
2262,1
2263,2
2264,1
2265,2
2266,4
2267,4
2268,4
2269,4
2270,4
2271,2
2272,2
2273,1
2274,2
2275,3
2276,3
2277,1
2278,3
2279,4
2280,1
2281,1
2282,4
2283,2
2284,1
2285,3
2286,1
2287,2
2288,1
2289,3
2290,2
2291,2
2292,1
2293,2
2294,3
2295,2
2296,3
2297,1
2298,2
2299,3
2300,4
2301,1
2302,2
2303,2
2304,3
2305,2
2306,1
2307,4
2308,4
2309,3
2310,4
2311,2
2312,1
2313,4
2314,3
2315,1
2316,1
2317,1
2318,4
2319,1
2320,1
2321,3
2322,1
2323,4
2324,4
2325,2
2326,1
2327,4
2328,1
2329,4
2330,3
2331,3
2332,1
2333,4
2334,2
2335,3
2336,1
2337,1
2338,1
2339,4
2340,4
2341,2
2342,1
2343,4
2344,2
2345,3
2346,4
2347,3
2348,1
2349,4
2350,3
2351,3
2352,3
2353,4
2354,1
2355,2
2356,4
2357,2
2358,3
2359,3
2360,3
2361,1
2362,3
2363,3
2364,2
2365,3
2366,3
2367,3
2368,3
2369,4
2370,2
2371,2
2372,3
2373,2
2374,2
2375,3
2376,3
2377,4
2378,1
2379,3
2380,3
2381,1
2382,4
2383,2
2384,1
2385,4
2386,4
2387,3
2388,2
2389,4
2390,2
2391,3
2392,2
2393,2
2394,3
2395,1
2396,3
2397,3
2398,1
2399,4
2400,3
2401,2
2402,4
2403,3
2404,3
2405,4
2406,2
2407,1
2408,2
2409,2
2410,3
2411,3
2412,3
2413,3
2414,4
2415,2
2416,1
2417,4
2418,4
2419,1
2420,2
2421,1
2422,4
2423,4
2424,1
2425,4
2426,4
2427,1
2428,4
2429,3
2430,3
2431,4
2432,3
2433,4
2434,4
2435,2
2436,2
2437,4
2438,2
2439,2
2440,1
2441,3
2442,4
2443,1
2444,1
2445,1
2446,1
2447,2
2448,4
2449,4
2450,3
2451,2
2452,2
2453,2
2454,2
2455,3
2456,4
2457,3
2458,2
2459,4
2460,1
2461,2
2462,1
2463,3
2464,1
2465,4
2466,1
2467,1
2468,1
2469,4
2470,1
2471,3
2472,4
2473,4
2474,4
2475,1
2476,4
2477,2
2478,2
2479,2
2480,4
2481,2
2482,4
2483,1
2484,1
2485,2
2486,4
2487,3
2488,1
2489,3
2490,3
2491,3
2492,3
2493,1
2494,4
2495,1
2496,2
2497,4
2498,2
2499,4
2500,1
2501,1
2502,1
2503,1
2504,3
2505,2
2506,2
2507,1
2508,2
2509,3
2510,3
2511,1
2512,3
2513,2
2514,3
2515,2
2516,2
2517,3
2518,1
2519,3
2520,1
2521,2
2522,3
2523,1
2524,2
2525,4
2526,2
2527,4
2528,2
2529,2
2530,1
2531,3
2532,3
2533,1
2534,2
2535,4
2536,4
2537,1
2538,4
2539,3
2540,4
2541,2
2542,4
2543,4
2544,4
2545,4
2546,4
2547,3
2548,2
2549,4
2550,4
2551,4
2552,1
2553,4
2554,4
2555,2
2556,3
2557,1
2558,3
2559,3
2560,4
2561,4
2562,3
2563,4
2564,1
2565,2
2566,2
2567,4
2568,3
2569,4
2570,1
2571,2
2572,4
2573,2
2574,4
2575,3
2576,2
2577,4
2578,1
2579,4
2580,4
2581,1
2582,4
2583,1
2584,1
2585,1
2586,4
2587,4
2588,1
2589,3
2590,3
2591,4
2592,1
2593,3
2594,2
2595,3
2596,2
2597,4
2598,1
2599,4
2600,3
2601,4
2602,1
2603,1
2604,4
2605,1
2606,1
2607,2
2608,4
2609,3
2610,4
2611,1
2612,1
2613,4
2614,2
2615,2
2616,1
2617,4
2618,2
2619,4
2620,1
2621,4
2622,4
2623,4
2624,4
2625,1
2626,3
2627,4
2628,2
2629,3
2630,4
2631,1
2632,1
2633,2
2634,4
2635,4
2636,1
2637,4
2638,1
2639,1
2640,2
2641,2
2642,1
2643,2
2644,1
2645,3
2646,3
2647,2
2648,3
2649,1
2650,1
2651,1
2652,2
2653,2
2654,1
2655,4
2656,1
2657,4
2658,1
2659,1
2660,4
2661,1
2662,2
2663,1
2664,1
2665,2
2666,2
2667,4
2668,2
2669,4
2670,3
2671,4
2672,4
2673,2
2674,3
2675,4
2676,1
2677,2
2678,3
2679,4
2680,3
2681,1
2682,1
2683,1
2684,1
2685,3
2686,3
2687,2
2688,4
2689,3
2690,2
2691,1
2692,4
2693,1
2694,3
2695,2
2696,3
2697,3
2698,1
2699,2
2700,2
2701,3
2702,1
2703,3
2704,4
2705,2
2706,3
2707,4
2708,2
2709,4
2710,1
2711,1
2712,4
2713,2
2714,2
2715,4
2716,2
2717,2
2718,4
2719,2
2720,1
2721,3
2722,2
2723,3
2724,2
2725,3
2726,2
2727,4
2728,1
2729,3
2730,3
2731,3
2732,3
2733,3
2734,4
2735,1
2736,2
2737,2
2738,4
2739,3
2740,3
2741,4
2742,3
2743,2
2744,1
2745,2
2746,4
2747,3
2748,2
2749,2
2750,2
2751,3
2752,4
2753,2
2754,1
2755,4
2756,1
2757,2
2758,4
2759,3
2760,3
2761,4
2762,2
2763,3
2764,3
2765,1
2766,2
2767,1
2768,2
2769,2
2770,3
2771,3
2772,1
2773,1
2774,2
2775,2
2776,3
2777,2
2778,3
2779,3
2780,3
2781,3
2782,2
2783,3
2784,4
2785,2
2786,4
2787,4
2788,3
2789,4
2790,2
2791,4
2792,1
2793,3
2794,4
2795,1
2796,1
2797,3
2798,4
2799,2
2800,4
2801,1
2802,4
2803,3
2804,1
2805,2
2806,1
2807,1
2808,1
2809,2
2810,1
2811,4
2812,3
2813,1
2814,1
2815,1
2816,3
2817,1
2818,3
2819,4
2820,1
2821,3
2822,3
2823,3
2824,2
2825,2
2826,4
2827,1
2828,3
2829,4
2830,1
2831,4
2832,4
2833,3
2834,2
2835,2
2836,2
2837,3
2838,3
2839,4
2840,3
2841,3
2842,1
2843,1
2844,3
2845,3
2846,3
2847,4
2848,4
2849,3
2850,3
2851,1
2852,1
2853,2
2854,1
2855,1
2856,2
2857,1
2858,1
2859,2
2860,2
2861,4
2862,1
2863,4
2864,2
2865,4
2866,2
2867,1
2868,2
2869,2
2870,1
2871,4
2872,4
2873,1
2874,2
2875,2
2876,3
2877,3
2878,4
2879,4
2880,1
2881,3
2882,3
2883,1
2884,3
2885,1
2886,4
2887,2
2888,3
2889,2
2890,2
2891,3
2892,1
2893,3
2894,4
2895,2
2896,1
2897,3
2898,4
2899,3
2900,1
2901,3
2902,1
2903,1
2904,4
2905,3
2906,2
2907,1
2908,2
2909,4
2910,3
2911,1
2912,2
2913,2
2914,3
2915,4
2916,1
2917,2
2918,4
2919,1
2920,2
2921,4
2922,2
2923,3
2924,2
2925,3
2926,2
2927,2
2928,4
2929,1
2930,3
2931,1
2932,3
2933,3
2934,2
2935,3
2936,4
2937,1
2938,3
2939,1
2940,2
2941,2
2942,3
2943,2
2944,3
2945,3
2946,2
2947,4
2948,3
2949,1
2950,2
2951,2
2952,3
2953,3
2954,1
2955,2
2956,3
2957,4
2958,4
2959,3
2960,1
2961,1
2962,1
2963,3
2964,1
2965,1
2966,4
2967,2
2968,4
2969,1
2970,2
2971,1
2972,2
2973,1
2974,2
2975,1
2976,1
2977,3
2978,4
2979,3
2980,2
2981,4
2982,2
2983,1
2984,3
2985,3
2986,4
2987,2
2988,1
2989,1
2990,1
2991,2
2992,3
2993,3
2994,4
2995,1
2996,3
2997,4
2998,3
2999,4
3000,1
3001,4
3002,2
3003,4
3004,4
3005,1
3006,2
3007,3
3008,4
3009,1
3010,4
3011,1
3012,2
3013,4
3014,1
3015,2
3016,4
3017,3
3018,1
3019,1
3020,2
3021,3
3022,1
3023,2
3024,2
3025,4
3026,3
3027,3
3028,1
3029,2
3030,2
3031,1
3032,4
3033,2
3034,1
3035,4
3036,3
3037,1
3038,2
3039,2
3040,2
3041,3
3042,3
3043,4
3044,2
3045,1
3046,1
3047,4
3048,4
3049,4
3050,3
3051,4
3052,3
3053,1
3054,1
3055,3
3056,1
3057,2
3058,2
3059,3
3060,2
3061,4
3062,2
3063,1
3064,4
3065,2
3066,3
3067,3
3068,2
3069,4
3070,4
3071,4
3072,4
3073,2
3074,3
3075,2
3076,4
3077,4
3078,2
3079,2
3080,2
3081,2
3082,4
3083,2
3084,4
3085,1
3086,1
3087,4
3088,4
3089,4
3090,3
3091,3
3092,3
3093,4
3094,1
3095,4
3096,3
3097,2
3098,4
3099,4
3100,4
3101,4
3102,1
3103,1
3104,2
3105,1
3106,4
3107,2
3108,3
3109,1
3110,2
3111,2
3112,3
3113,4
3114,1
3115,1
3116,3
3117,1
3118,2
3119,1
3120,3
3121,1
3122,3
3123,3
3124,3
3125,1
3126,4
3127,2
3128,1
3129,3
3130,2
3131,3
3132,3
3133,1
3134,1
3135,2
3136,3
3137,3
3138,3
3139,2
3140,1
3141,3
3142,3
3143,1
3144,2
3145,2
3146,4
3147,4
3148,2
3149,3
3150,2
3151,4
3152,1
3153,2
3154,3
3155,2
3156,2
3157,1
3158,3
3159,2
3160,3
3161,1
3162,3
3163,3
3164,4
3165,1
3166,2
3167,2
3168,3
3169,1
3170,3
3171,3
3172,2
3173,3
3174,3
3175,3
3176,4
3177,2
3178,2
3179,3
3180,2
3181,3
3182,3
3183,3
3184,4
3185,4
3186,4
3187,1
3188,4
3189,1
3190,3
3191,1
3192,4
3193,4
3194,4
3195,2
3196,4
3197,1
3198,1
3199,1
3200,1
3201,2
3202,1
3203,4
3204,1
3205,2
3206,2
3207,1
3208,3
3209,2
3210,2
3211,4
3212,4
3213,4
3214,1
3215,4
3216,2
3217,1
3218,3
3219,1
3220,3
3221,1
3222,3
3223,3
3224,4
3225,1
3226,2
3227,1
3228,4
3229,2
3230,2
3231,2
3232,4
3233,2
3234,3
3235,1
3236,4
3237,1
3238,1
3239,4
3240,4
3241,1
3242,2
3243,4
3244,4
3245,1
3246,3
3247,3
3248,4
3249,4
3250,2
3251,1
3252,4
3253,3
3254,2
3255,3
3256,3
3257,1
3258,2
3259,3
3260,2
3261,4
3262,2
3263,2
3264,1
3265,2
3266,3
3267,3
3268,2
3269,2
3270,4
3271,1
3272,2
3273,3
3274,2
3275,4
3276,1
3277,4
3278,4
3279,3
3280,1
3281,1
3282,3
3283,1
3284,4
3285,2
3286,1
3287,1
3288,2
3289,2
3290,2
3291,2
3292,1
3293,2
3294,3
3295,3
3296,1
3297,4
3298,1
3299,1
3300,3
3301,2
3302,3
3303,1
3304,1
3305,1
3306,4
3307,1
3308,3
3309,2
3310,2
3311,4
3312,4
3313,2
3314,1
3315,4
3316,3
3317,1
3318,1
3319,2
3320,2
3321,3
3322,1
3323,3
3324,2
3325,2
3326,3
3327,4
3328,1
3329,1
3330,1
3331,3
3332,4
3333,3
3334,2
3335,3
3336,2
3337,2
3338,1
3339,3
3340,2
3341,2
3342,3
3343,1
3344,4
3345,2
3346,2
3347,1
3348,3
3349,4
3350,3
3351,2
3352,1
3353,2
3354,1
3355,1
3356,1
3357,4
3358,1
3359,1
3360,1
3361,3
3362,4
3363,2
3364,2
3365,3
3366,2
3367,4
3368,1
3369,4
3370,4
3371,3
3372,3
3373,4
3374,3
3375,3
3376,2
3377,4
3378,4
3379,1
3380,4
3381,4
3382,4
3383,1
3384,3
3385,1
3386,1
3387,1
3388,1
3389,2
3390,4
3391,2
3392,2
3393,3
3394,2
3395,3
3396,3
3397,3
3398,1
3399,1
3400,3
3401,2
3402,4
3403,1
3404,2
3405,4
3406,1
3407,3
3408,3
3409,2
3410,3
3411,3
3412,2
3413,4
3414,2
3415,2
3416,3
3417,2
3418,4
3419,4
3420,1
3421,1
3422,3
3423,4
3424,2
3425,4
3426,3
3427,4
3428,4
3429,2
3430,3
3431,1
3432,2
3433,4
3434,3
3435,2
3436,4
3437,4
3438,3
3439,1
3440,4
3441,1
3442,2
3443,1
3444,2
3445,1
3446,4
3447,2
3448,1
3449,1
3450,1
3451,2
3452,1
3453,1
3454,4
3455,1
3456,2
3457,4
3458,2
3459,1
3460,3
3461,4
3462,1
3463,4
3464,1
3465,2
3466,1
3467,2
3468,4
3469,3
3470,4
3471,3
3472,3
3473,3
3474,3
3475,3
3476,3
3477,1
3478,3
3479,4
3480,4
3481,1
3482,4
3483,4
3484,4
3485,3
3486,4
3487,3
3488,1
3489,2
3490,4
3491,1
3492,2
3493,2
3494,1
3495,4
3496,2
3497,1
3498,3
3499,3
3500,4
3501,1
3502,1
3503,2
3504,1
3505,1
3506,3
3507,4
3508,4
3509,2
3510,4
3511,3
3512,4
3513,3
3514,4
3515,1
3516,4
3517,2
3518,1
3519,3
3520,1
3521,3
3522,2
3523,2
3524,4
3525,2
3526,1
3527,3
3528,2
3529,1
3530,4
3531,1
3532,2
3533,1
3534,1
3535,1
3536,1
3537,4
3538,4
3539,3
3540,4
3541,3
3542,4
3543,3
3544,2
3545,1
3546,2
3547,3
3548,4
3549,3
3550,1
3551,1
3552,2
3553,3
3554,2
3555,3
3556,4
3557,2
3558,3
3559,2
3560,3
3561,4
3562,4
3563,3
3564,1
3565,4
3566,3
3567,2
3568,2
3569,2
3570,4
3571,4
3572,2
3573,2
3574,4
3575,4
3576,2
3577,1
3578,4
3579,3
3580,2
3581,3
3582,4
3583,4
3584,4
3585,2
3586,1
3587,1
3588,2
3589,3
3590,2
3591,3
3592,4
3593,2
3594,4
3595,3
3596,4
3597,4
3598,4
3599,3
3600,4
3601,4
3602,1
3603,1
3604,1
3605,2
3606,4
3607,1
3608,2
3609,4
3610,3
3611,3
3612,4
3613,2
3614,3
3615,4
3616,1
3617,3
3618,2
3619,1
3620,1
3621,3
3622,3
3623,3
3624,2
3625,1
3626,2
3627,1
3628,4
3629,2
3630,1
3631,4
3632,3
3633,1
3634,2
3635,1
3636,2
3637,4
3638,3
3639,2
3640,2
3641,1
3642,4
3643,4
3644,2
3645,4
3646,1
3647,4
3648,3
3649,3
3650,4
3651,1
3652,4
3653,3
3654,3
3655,1
3656,1
3657,1
3658,1
3659,4
3660,1
3661,1
3662,4
3663,1
3664,4
3665,2
3666,2
3667,4
3668,4
3669,2
3670,1
3671,4
3672,4
3673,4
3674,1
3675,2
3676,4
3677,1
3678,2
3679,3
3680,3
3681,4
3682,2
3683,2
3684,2
3685,4
3686,1
3687,2
3688,4
3689,4
3690,2
3691,1
3692,3
3693,1
3694,1
3695,3
3696,3
3697,4
3698,3
3699,2
3700,2
3701,2
3702,2
3703,4
3704,1
3705,3
3706,1
3707,4
3708,2
3709,3
3710,3
3711,1
3712,2
3713,3
3714,3
3715,1
3716,3
3717,3
3718,2
3719,1
3720,2
3721,1
3722,3
3723,2
3724,1
3725,2
3726,4
3727,4
3728,3
3729,2
3730,2
3731,4
3732,2
3733,1
3734,3
3735,4
3736,1
3737,4
3738,4
3739,2
3740,1
3741,3
3742,3
3743,3
3744,4
3745,2
3746,3
3747,1
3748,3
3749,1
3750,3
3751,2
3752,1
3753,3
3754,1
3755,4
3756,1
3757,3
3758,1
3759,4
3760,2
3761,4
3762,3
3763,4
3764,3
3765,3
3766,1
3767,1
3768,3
3769,2
3770,1
3771,3
3772,1
3773,3
3774,3
3775,4
3776,1
3777,2
3778,4
3779,1
3780,1
3781,2
3782,2
3783,2
3784,2
3785,4
3786,3
3787,3
3788,3
3789,2
3790,2
3791,4
3792,2
3793,1
3794,1
3795,1
3796,3
3797,1
3798,1
3799,3
3800,2
3801,2
3802,1
3803,1
3804,1
3805,3
3806,4
3807,4
3808,1
3809,3
3810,4
3811,2
3812,3
3813,2
3814,4
3815,1
3816,2
3817,2
3818,1
3819,3
3820,3
3821,3
3822,4
3823,2
3824,2
3825,4
3826,3
3827,1
3828,3
3829,2
3830,1
3831,3
3832,1
3833,1
3834,3
3835,2
3836,3
3837,1
3838,2
3839,4
3840,4
3841,3
3842,4
3843,2
3844,3
3845,2
3846,4
3847,2
3848,2
3849,4
3850,2
3851,4
3852,3
3853,2
3854,3
3855,1
3856,4
3857,1
3858,1
3859,2
3860,2
3861,3
3862,1
3863,3
3864,4
3865,1
3866,1
3867,1
3868,2
3869,1
3870,2
3871,1
3872,3
3873,1
3874,3
3875,4
3876,4
3877,4
3878,4
3879,1
3880,3
3881,2
3882,2
3883,4
3884,4
3885,4
3886,2
3887,3
3888,2
3889,4
3890,1
3891,1
3892,3
3893,4
3894,3
3895,2
3896,2
3897,3
3898,1
3899,1
3900,2
3901,2
3902,2
3903,3
3904,1
3905,4
3906,1
3907,2
3908,3
3909,2
3910,1
3911,3
3912,3
3913,3
3914,4
3915,3
3916,2
3917,4
3918,2
3919,1
3920,4
3921,2
3922,2
3923,3
3924,3
3925,2
3926,4
3927,1
3928,2
3929,2
3930,4
3931,1
3932,3
3933,2
3934,3
3935,2
3936,3
3937,3
3938,1
3939,4
3940,3
3941,3
3942,3
3943,4
3944,2
3945,2
3946,1
3947,4
3948,2
3949,4
3950,2
3951,4
3952,2
3953,1
3954,4
3955,4
3956,4
3957,4
3958,2
3959,1
3960,3
3961,1
3962,4
3963,1
3964,2
3965,2
3966,4
3967,4
3968,4
3969,2
3970,2
3971,2
3972,1
3973,3
3974,2
3975,4
3976,4
3977,3
3978,1
3979,3
3980,2
3981,3
3982,3
3983,2
3984,1
3985,1
3986,4
3987,4
3988,3
3989,1
3990,3
3991,2
3992,4
3993,4
3994,1
3995,3
3996,2
3997,3
3998,3
3999,1
4000,2
4001,4
4002,2
4003,2
4004,3
4005,4
4006,2
4007,2
4008,1
4009,1
4010,4
4011,3
4012,2
4013,1
4014,1
4015,2
4016,3
4017,1
4018,1
4019,2
4020,4
4021,2
4022,3
4023,4
4024,1
4025,4
4026,2
4027,4
4028,3
4029,3
4030,3
4031,1
4032,3
4033,3
4034,1
4035,4
4036,4
4037,1
4038,1
4039,4
4040,2
4041,1
4042,1
4043,4
4044,3
4045,4
4046,1
4047,4
4048,4
4049,1
4050,3
4051,3
4052,4
4053,1
4054,1
4055,4
4056,1
4057,3
4058,2
4059,4
4060,3
4061,1
4062,4
4063,4
4064,4
4065,4
4066,4
4067,3
4068,1
4069,1
4070,3
4071,2
4072,2
4073,4
4074,3
4075,4
4076,2
4077,2
4078,1
4079,1
4080,2
4081,4
4082,3
4083,1
4084,3
4085,1
4086,2
4087,3
4088,4
4089,2
4090,4
4091,3
4092,4
4093,2
4094,4
4095,3
4096,1
4097,3
4098,2
4099,1
4100,2
4101,1
4102,3
4103,4
4104,1
4105,3
4106,2
4107,2
4108,1
4109,1
4110,1
4111,3
4112,1
4113,4
4114,4
4115,4
4116,4
4117,1
4118,1
4119,4
4120,4
4121,2
4122,2
4123,2
4124,3
4125,4
4126,2
4127,4
4128,1
4129,4
4130,4
4131,4
4132,4
4133,2
4134,1
4135,2
4136,1
4137,4
4138,3
4139,3
4140,1
4141,1
4142,2
4143,2
4144,4
4145,2
4146,1
4147,1
4148,4
4149,1
4150,2
4151,2
4152,2
4153,2
4154,3
4155,3
4156,3
4157,4
4158,3
4159,1
4160,1
4161,2
4162,1
4163,2
4164,1
4165,1
4166,3
4167,3
4168,1
4169,2
4170,3
4171,4
4172,4
4173,1
4174,2
4175,1
4176,4
4177,3
4178,2
4179,1
4180,3
4181,3
4182,3
4183,1
4184,2
4185,1
4186,2
4187,4
4188,1
4189,3
4190,3
4191,1
4192,4
4193,3
4194,3
4195,3
4196,2
4197,2
4198,4
4199,4
4200,1
4201,3
4202,3
4203,2
4204,4
4205,4
4206,2
4207,2
4208,1
4209,1
4210,1
4211,2
4212,3
4213,1
4214,4
4215,3
4216,4
4217,2
4218,4
4219,2
4220,3
4221,1
4222,4
4223,1
4224,2
4225,1
4226,3
4227,2
4228,2
4229,2
4230,2
4231,1
4232,3
4233,2
4234,3
4235,3
4236,3
4237,1
4238,1
4239,2
4240,2
4241,4
4242,1
4243,1
4244,1
4245,1
4246,4
4247,1
4248,2
4249,4
4250,3
4251,2
4252,4
4253,2
4254,3
4255,2
4256,3
4257,1
4258,4
4259,1
4260,4
4261,4
4262,4
4263,3
4264,2
4265,3
4266,2
4267,1
4268,4
4269,2
4270,2
4271,1
4272,3
4273,4
4274,2
4275,3
4276,4
4277,1
4278,2
4279,2
4280,2
4281,1
4282,2
4283,3
4284,4
4285,2
4286,1
4287,2
4288,3
4289,1
4290,1
4291,2
4292,2
4293,4
4294,1
4295,4
4296,4
4297,4
4298,3
4299,4
4300,1
4301,4
4302,1
4303,4
4304,2
4305,3
4306,4
4307,2
4308,4
4309,1
4310,2
4311,4
4312,4
4313,2
4314,3
4315,2
4316,4
4317,1
4318,1
4319,4
4320,1
4321,4
4322,3
4323,1
4324,3
4325,4
4326,2
4327,3
4328,3
4329,3
4330,3
4331,1
4332,4
4333,3
4334,4
4335,1
4336,1
4337,3
4338,2
4339,1
4340,2
4341,2
4342,3
4343,1
4344,3
4345,2
4346,2
4347,2
4348,1
4349,3
4350,2
4351,2
4352,2
4353,3
4354,3
4355,2
4356,1
4357,3
4358,1
4359,2
4360,2
4361,4
4362,3
4363,4
4364,2
4365,3
4366,2
4367,2
4368,1
4369,4
4370,3
4371,4
4372,2
4373,1
4374,2
4375,2
4376,3
4377,3
4378,1
4379,1
4380,2
4381,1
4382,1
4383,2
4384,3
4385,4
4386,4
4387,1
4388,2
4389,4
4390,4
4391,1
4392,4
4393,4
4394,1
4395,1
4396,1
4397,4
4398,3
4399,3
4400,3
4401,3
4402,3
4403,1
4404,1
4405,2
4406,2
4407,1
4408,4
4409,3
4410,3
4411,1
4412,4
4413,3
4414,1
4415,1
4416,1
4417,1
4418,2
4419,3
4420,2
4421,2
4422,1
4423,1
4424,1
4425,1
4426,2
4427,4
4428,1
4429,2
4430,3
4431,4
4432,3
4433,1
4434,3
4435,4
4436,1
4437,4
4438,3
4439,3
4440,2
4441,2
4442,1
4443,1
4444,2
4445,4
4446,4
4447,1
4448,2
4449,3
4450,2
4451,4
4452,2
4453,1
4454,3
4455,3
4456,4
4457,3
4458,3
4459,3
4460,1
4461,3
4462,4
4463,3
4464,2
4465,1
4466,1
4467,2
4468,2
4469,2
4470,1
4471,2
4472,1
4473,1
4474,2
4475,2
4476,1
4477,2
4478,3
4479,3
4480,3
4481,3
4482,2
4483,4
4484,1
4485,4
4486,4
4487,4
4488,3
4489,1
4490,1
4491,1
4492,1
4493,2
4494,3
4495,2
4496,4
4497,3
4498,3
4499,4
4500,3
4501,1
4502,1
4503,4
4504,4
4505,2
4506,3
4507,4
4508,1
4509,2
4510,1
4511,2
4512,3
4513,1
4514,1
4515,4
4516,4
4517,3
4518,2
4519,3
4520,3
4521,4
4522,2
4523,1
4524,1
4525,3
4526,1
4527,3
4528,3
4529,4
4530,4
4531,3
4532,4
4533,1
4534,1
4535,4
4536,2
4537,2
4538,2
4539,2
4540,4
4541,4
4542,2
4543,4
4544,2
4545,4
4546,4
4547,3
4548,3
4549,1
4550,1
4551,2
4552,3
4553,4
4554,3
4555,3
4556,2
4557,1
4558,1
4559,4
4560,2
4561,2
4562,2
4563,1
4564,4
4565,2
4566,3
4567,2
4568,3
4569,3
4570,2
4571,3
4572,1
4573,4
4574,3
4575,2
4576,1
4577,3
4578,2
4579,4
4580,3
4581,3
4582,3
4583,2
4584,1
4585,1
4586,4
4587,2
4588,1
4589,4
4590,4
4591,4
4592,1
4593,2
4594,4
4595,3
4596,3
4597,4
4598,2
4599,2
4600,3
4601,4
4602,3
4603,2
4604,1
4605,2
4606,1
4607,4
4608,2
4609,3
4610,2
4611,2
4612,1
4613,2
4614,3
4615,4
4616,4
4617,3
4618,2
4619,4
4620,3
4621,1
4622,2
4623,1
4624,3
4625,2
4626,4
4627,3
4628,4
4629,4
4630,3
4631,2
4632,4
4633,1
4634,2
4635,4
4636,2
4637,2
4638,1
4639,3
4640,4
4641,3
4642,4
4643,1
4644,4
4645,1
4646,1
4647,2
4648,1
4649,4
4650,1
4651,4
4652,1
4653,2
4654,4
4655,1
4656,3
4657,4
4658,4
4659,3
4660,1
4661,2
4662,2
4663,2
4664,4
4665,3
4666,3
4667,1
4668,1
4669,3
4670,2
4671,2
4672,3
4673,2
4674,1
4675,3
4676,1
4677,1
4678,2
4679,4
4680,1
4681,1
4682,4
4683,3
4684,1
4685,3
4686,4
4687,1
4688,1
4689,1
4690,1
4691,2
4692,3
4693,2
4694,3
4695,1
4696,3
4697,2
4698,1
4699,4
4700,3
4701,4
4702,4
4703,4
4704,1
4705,2
4706,4
4707,3
4708,4
4709,4
4710,2
4711,1
4712,2
4713,2
4714,1
4715,4
4716,2
4717,1
4718,3
4719,1
4720,3
4721,1
4722,2
4723,1
4724,4
4725,1
4726,4
4727,3
4728,1
4729,1
4730,3
4731,1
4732,2
4733,2
4734,2
4735,3
4736,4
4737,4
4738,2
4739,3
4740,2
4741,2
4742,1
4743,2
4744,2
4745,4
4746,3
4747,1
4748,2
4749,2
4750,4
4751,1
4752,4
4753,2
4754,1
4755,2
4756,1
4757,4
4758,1
4759,2
4760,3
4761,2
4762,2
4763,4
4764,4
4765,1
4766,3
4767,4
4768,4
4769,4
4770,4
4771,4
4772,1
4773,2
4774,3
4775,4
4776,1
4777,3
4778,1
4779,4
4780,4
4781,3
4782,2
4783,4
4784,2
4785,3
4786,2
4787,1
4788,3
4789,1
4790,1
4791,3
4792,4
4793,4
4794,2
4795,3
4796,4
4797,3
4798,4
4799,1
4800,1
4801,3
4802,1
4803,3
4804,2
4805,4
4806,1
4807,4
4808,3
4809,2
4810,3
4811,3
4812,3
4813,2
4814,3
4815,3
4816,4
4817,3
4818,4
4819,1
4820,4
4821,1
4822,4
4823,4
4824,4
4825,4
4826,1
4827,4
4828,2
4829,2
4830,3
4831,1
4832,2
4833,2
4834,2
4835,4
4836,4
4837,4
4838,1
4839,3
4840,3
4841,3
4842,2
4843,4
4844,1
4845,3
4846,3
4847,1
4848,4
4849,1
4850,3
4851,2
4852,2
4853,2
4854,3
4855,2
4856,3
4857,2
4858,3
4859,2
4860,4
4861,3
4862,2
4863,2
4864,1
4865,4
4866,4
4867,4
4868,3
4869,4
4870,2
4871,1
4872,1
4873,2
4874,4
4875,1
4876,3
4877,1
4878,1
4879,3
4880,2
4881,4
4882,2
4883,4
4884,1
4885,1
4886,3
4887,4
4888,2
4889,4
4890,1
4891,2
4892,2
4893,1
4894,4
4895,1
4896,3
4897,2
4898,3
4899,4
4900,1
4901,1
4902,3
4903,2
4904,3
4905,1
4906,3
4907,2
4908,2
4909,3
4910,3
4911,2
4912,3
4913,4
4914,2
4915,2
4916,4
4917,1
4918,3
4919,1
4920,2
4921,3
4922,4
4923,1
4924,3
4925,3
4926,2
4927,1
4928,3
4929,4
4930,2
4931,1
4932,4
4933,4
4934,4
4935,4
4936,1
4937,3
4938,2
4939,4
4940,3
4941,1
4942,1
4943,1
4944,1
4945,1
4946,2
4947,2
4948,3
4949,4
4950,4
4951,3
4952,4
4953,1
4954,3
4955,2
4956,2
4957,2
4958,2
4959,1
4960,4
4961,1
4962,1
4963,4
4964,1
4965,1
4966,4
4967,4
4968,1
4969,3
4970,1
4971,4
4972,2
4973,4
4974,1
4975,2
4976,1
4977,4
4978,2
4979,1
4980,2
4981,4
4982,3
4983,3
4984,4
4985,1
4986,1
4987,3
4988,4
4989,2
4990,1
4991,2
4992,2
4993,1
4994,3
4995,3
4996,1
4997,1
4998,1
4999,2
5000,4
5001,4
5002,2
5003,3
5004,3
5005,2
5006,4
5007,4
5008,1
5009,2
5010,4
5011,1
5012,4
5013,3
5014,1
5015,4
5016,1
5017,3
5018,3
5019,3
5020,1
5021,4
5022,1
5023,4
5024,4
5025,2
5026,4
5027,2
5028,2
5029,2
5030,1
5031,4
5032,3
5033,4
5034,3
5035,4
5036,2
5037,2
5038,4
5039,2
5040,4
5041,3
5042,4
5043,3
5044,3
5045,2
5046,4
5047,4
5048,3
5049,3
5050,2
5051,1
5052,4
5053,1
5054,4
5055,1
5056,3
5057,2
5058,1
5059,4
5060,2
5061,2
5062,1
5063,3
5064,3
5065,2
5066,3
5067,2
5068,4
5069,3
5070,1
5071,2
5072,4
5073,4
5074,1
5075,4
5076,4
5077,3
5078,4
5079,1
5080,4
5081,2
5082,2
5083,2
5084,2
5085,1
5086,2
5087,3
5088,1
5089,2
5090,2
5091,2
5092,3
5093,1
5094,1
5095,2
5096,3
5097,3
5098,1
5099,2
5100,1
5101,3
5102,4
5103,1
5104,4
5105,2
5106,4
5107,2
5108,1
5109,2
5110,2
5111,1
5112,2
5113,2
5114,4
5115,4
5116,1
5117,2
5118,4
5119,1
5120,4
5121,4
5122,3
5123,1
5124,2
5125,2
5126,3
5127,4
5128,3
5129,1
5130,2
5131,2
5132,3
5133,2
5134,3
5135,3
5136,4
5137,2
5138,1
5139,3
5140,2
5141,2
5142,2
5143,1
5144,2
5145,3
5146,4
5147,1
5148,2
5149,1
5150,2
5151,4
5152,4
5153,2
5154,3
5155,2
5156,4
5157,2
5158,1
5159,1
5160,3
5161,2
5162,3
5163,2
5164,1
5165,2
5166,1
5167,2
5168,4
5169,1
5170,1
5171,3
5172,1
5173,1
5174,4
5175,3
5176,4
5177,1
5178,1
5179,4
5180,3
5181,1
5182,3
5183,2
5184,1
5185,2
5186,2
5187,1
5188,2
5189,2
5190,4
5191,4
5192,2
5193,3
5194,4
5195,4
5196,3
5197,4
5198,2
5199,4
5200,2
5201,4
5202,1
5203,1
5204,1
5205,1
5206,2
5207,3
5208,4
5209,2
5210,3
5211,1
5212,4
5213,3
5214,4
5215,4
5216,2
5217,4
5218,2
5219,4
5220,3
5221,2
5222,1
5223,2
5224,1
5225,3
5226,3
5227,3
5228,4
5229,4
5230,1
5231,2
5232,1
5233,2
5234,1
5235,1
5236,1
5237,3
5238,4
5239,1
5240,3
5241,3
5242,1
5243,3
5244,2
5245,4
5246,2
5247,2
5248,4
5249,4
5250,2
5251,4
5252,4
5253,4
5254,2
5255,1
5256,4
5257,3
5258,1
5259,4
5260,4
5261,2
5262,1
5263,3
5264,2
5265,3
5266,3
5267,1
5268,4
5269,3
5270,3
5271,3
5272,4
5273,4
5274,2
5275,3
5276,3
5277,1
5278,1
5279,4
5280,1
5281,1
5282,1
5283,1
5284,1
5285,2
5286,2
5287,3
5288,2
5289,1
5290,4
5291,3
5292,1
5293,1
5294,1
5295,4
5296,3
5297,1
5298,3
5299,4
5300,3
5301,1
5302,1
5303,3
5304,2
5305,4
5306,3
5307,3
5308,3
5309,4
5310,3
5311,2
5312,3
5313,1
5314,2
5315,4
5316,3
5317,1
5318,4
5319,2
5320,3
5321,1
5322,3
5323,4
5324,2
5325,2
5326,3
5327,4
5328,3
5329,4
5330,2
5331,1
5332,3
5333,2
5334,1
5335,1
5336,2
5337,2
5338,1
5339,1
5340,3
5341,2
5342,4
5343,2
5344,2
5345,3
5346,1
5347,3
5348,1
5349,1
5350,4
5351,4
5352,3
5353,1
5354,3
5355,1
5356,4
5357,1
5358,2
5359,3
5360,2
5361,2
5362,4
5363,1
5364,2
5365,4
5366,1
5367,2
5368,1
5369,2
5370,2
5371,4
5372,1
5373,1
5374,1
5375,4
5376,3
5377,3
5378,3
5379,3
5380,4
5381,1
5382,4
5383,3
5384,4
5385,4
5386,1
5387,2
5388,1
5389,2
5390,4
5391,4
5392,2
5393,1
5394,1
5395,2
5396,1
5397,1
5398,4
5399,1
5400,4
5401,3
5402,2
5403,1
5404,3
5405,3
5406,1
5407,3
5408,1
5409,1
5410,4
5411,1
5412,2
5413,2
5414,1
5415,4
5416,1
5417,1
5418,2
5419,3
5420,2
5421,4
5422,1
5423,1
5424,2
5425,4
5426,2
5427,2
5428,1
5429,4
5430,4
5431,3
5432,3
5433,1
5434,2
5435,2
5436,4
5437,2
5438,2
5439,4
5440,4
5441,4
5442,4
5443,2
5444,2
5445,3
5446,3
5447,2
5448,2
5449,3
5450,4
5451,4
5452,2
5453,1
5454,3
5455,3
5456,4
5457,1
5458,2
5459,3
5460,4
5461,4
5462,1
5463,3
5464,1
5465,1
5466,2
5467,4
5468,1
5469,1
5470,2
5471,1
5472,3
5473,2
5474,1
5475,1
5476,4
5477,3
5478,2
5479,1
5480,2
5481,4
5482,3
5483,2
5484,3
5485,4
5486,4
5487,3
5488,3
5489,4
5490,3
5491,3
5492,4
5493,4
5494,2
5495,2
5496,4
5497,1
5498,1
5499,1
5500,3
5501,2
5502,1
5503,2
5504,2
5505,1
5506,1
5507,1
5508,2
5509,4
5510,3
5511,2
5512,1
5513,2
5514,4
5515,2
5516,4
5517,2
5518,3
5519,1
5520,3
5521,2
5522,3
5523,3
5524,1
5525,3
5526,4
5527,4
5528,3
5529,4
5530,3
5531,4
5532,4
5533,1
5534,2
5535,2
5536,1
5537,4
5538,4
5539,2
5540,4
5541,4
5542,3
5543,3
5544,2
5545,1
5546,4
5547,1
5548,1
5549,3
5550,4
5551,4
5552,2
5553,1
5554,1
5555,2
5556,4
5557,3
5558,3
5559,4
5560,3
5561,3
5562,2
5563,2
5564,4
5565,2
5566,4
5567,2
5568,3
5569,2
5570,1
5571,2
5572,3
5573,1
5574,4
5575,3
5576,3
5577,4
5578,2
5579,3
5580,1
5581,4
5582,2
5583,2
5584,2
5585,2
5586,4
5587,2
5588,2
5589,3
5590,3
5591,4
5592,4
5593,2
5594,3
5595,2
5596,4
5597,4
5598,2
5599,1
5600,4
5601,2
5602,4
5603,2
5604,1
5605,4
5606,3
5607,2
5608,1
5609,1
5610,1
5611,1
5612,3
5613,4
5614,2
5615,1
5616,1
5617,3
5618,2
5619,4
5620,1
5621,2
5622,4
5623,1
5624,2
5625,1
5626,3
5627,4
5628,3
5629,3
5630,2
5631,3
5632,1
5633,1
5634,2
5635,3
5636,3
5637,4
5638,1
5639,1
5640,2
5641,3
5642,4
5643,1
5644,3
5645,2
5646,2
5647,4
5648,4
5649,3
5650,3
5651,4
5652,3
5653,4
5654,1
5655,3
5656,1
5657,1
5658,1
5659,1
5660,1
5661,4
5662,3
5663,4
5664,4
5665,3
5666,2
5667,3
5668,2
5669,1
5670,1
5671,4
5672,2
5673,1
5674,3
5675,4
5676,1
5677,3
5678,1
5679,3
5680,2
5681,4
5682,1
5683,3
5684,3
5685,3
5686,4
5687,3
5688,2
5689,3
5690,2
5691,1
5692,1
5693,1
5694,4
5695,4
5696,4
5697,2
5698,1
5699,3
5700,2
5701,1
5702,3
5703,1
5704,1
5705,2
5706,1
5707,4
5708,4
5709,1
5710,2
5711,3
5712,4
5713,2
5714,2
5715,2
5716,1
5717,4
5718,3
5719,1
5720,4
5721,2
5722,2
5723,4
5724,2
5725,4
5726,3
5727,2
5728,3
5729,4
5730,2
5731,1
5732,2
5733,3
5734,1
5735,2
5736,1
5737,4
5738,3
5739,2
5740,3
5741,2
5742,4
5743,3
5744,4
5745,4
5746,4
5747,2
5748,3
5749,2
5750,4
5751,4
5752,2
5753,1
5754,4
5755,1
5756,4
5757,3
5758,2
5759,1
5760,2
5761,3
5762,2
5763,4
5764,1
5765,1
5766,4
5767,1
5768,2
5769,2
5770,3
5771,4
5772,3
5773,4
5774,4
5775,1
5776,1
5777,1
5778,4
5779,2
5780,1
5781,2
5782,3
5783,2
5784,3
5785,3
5786,3
5787,3
5788,1
5789,3
5790,3
5791,1
5792,1
5793,1
5794,4
5795,3
5796,1
5797,4
5798,3
5799,4
5800,4
5801,3
5802,4
5803,4
5804,4
5805,3
5806,1
5807,2
5808,3
5809,1
5810,1
5811,3
5812,2
5813,2
5814,4
5815,4
5816,2
5817,1
5818,3
5819,4
5820,3
5821,1
5822,3
5823,4
5824,2
5825,1
5826,1
5827,2
5828,3
5829,4
5830,3
5831,4
5832,4
5833,1
5834,2
5835,4
5836,2
5837,1
5838,1
5839,4
5840,1
5841,1
5842,4
5843,1
5844,4
5845,3
5846,3
5847,2
5848,3
5849,4
5850,2
5851,2
5852,2
5853,4
5854,3
5855,1
5856,1
5857,1
5858,3
5859,3
5860,4
5861,4
5862,2
5863,3
5864,1
5865,4
5866,2
5867,2
5868,4
5869,4
5870,1
5871,1
5872,1
5873,1
5874,1
5875,4
5876,2
5877,1
5878,3
5879,2
5880,1
5881,2
5882,3
5883,2
5884,3
5885,4
5886,2
5887,1
5888,2
5889,1
5890,1
5891,3
5892,2
5893,1
5894,1
5895,3
5896,1
5897,3
5898,3
5899,4
5900,2
5901,1
5902,2
5903,2
5904,2
5905,1
5906,3
5907,3
5908,2
5909,2
5910,2
5911,3
5912,3
5913,1
5914,3
5915,3
5916,4
5917,1
5918,1
5919,4
5920,4
5921,3
5922,4
5923,1
5924,3
5925,1
5926,2
5927,2
5928,2
5929,4
5930,1
5931,2
5932,1
5933,3
5934,4
5935,4
5936,3
5937,4
5938,1
5939,4
5940,4
5941,3
5942,2
5943,3
5944,1
5945,4
5946,2
5947,1
5948,4
5949,4
5950,3
5951,1
5952,3
5953,2
5954,1
5955,2
5956,4
5957,2
5958,2
5959,4
5960,1
5961,4
5962,1
5963,1
5964,4
5965,1
5966,2
5967,2
5968,4
5969,3
5970,4
5971,3
5972,2
5973,3
5974,1
5975,3
5976,4
5977,4
5978,1
5979,4
5980,4
5981,1
5982,4
5983,3
5984,3
5985,3
5986,1
5987,3
5988,1
5989,4
5990,1
5991,2
5992,4
5993,4
5994,3
5995,2
5996,3
5997,1
5998,3
5999,4
6000,4
6001,3
6002,3
6003,1
6004,1
6005,4
6006,3
6007,3
6008,1
6009,2
6010,3
6011,3
6012,2
6013,2
6014,3
6015,2
6016,2
6017,4
6018,1
6019,4
6020,4
6021,2
6022,4
6023,4
6024,3
6025,4
6026,3
6027,3
6028,3
6029,1
6030,3
6031,1
6032,2
6033,2
6034,2
6035,1
6036,3
6037,1
6038,1
6039,3
6040,4
6041,3
6042,3
6043,2
6044,2
6045,2
6046,1
6047,4
6048,1
6049,2
6050,4
6051,4
6052,4
6053,3
6054,4
6055,2
6056,4
6057,2
6058,3
6059,1
6060,4
6061,3
6062,1
6063,3
6064,4
6065,1
6066,2
6067,3
6068,1
6069,4
6070,3
6071,4
6072,2
6073,4
6074,2
6075,3
6076,3
6077,3
6078,3
6079,4
6080,4
6081,3
6082,1
6083,4
6084,2
6085,2
6086,2
6087,4
6088,2
6089,1
6090,4
6091,1
6092,1
6093,3
6094,1
6095,2
6096,3
6097,2
6098,3
6099,1
6100,3
6101,3
6102,3
6103,4
6104,1
6105,4
6106,4
6107,3
6108,1
6109,2
6110,4
6111,2
6112,4
6113,1
6114,1
6115,3
6116,2
6117,4
6118,1
6119,3
6120,4
6121,1
6122,1
6123,2
6124,1
6125,3
6126,3
6127,3
6128,4
6129,4
6130,4
6131,2
6132,4
6133,4
6134,1
6135,4
6136,2
6137,1
6138,2
6139,2
6140,3
6141,3
6142,3
6143,3
6144,4
6145,4
6146,4
6147,4
6148,1
6149,2
6150,2
6151,2
6152,4
6153,4
6154,4
6155,3
6156,2
6157,3
6158,4
6159,2
6160,4
6161,4
6162,1
6163,2
6164,3
6165,3
6166,1
6167,1
6168,2
6169,4
6170,4
6171,3
6172,1
6173,4
6174,3
6175,3
6176,1
6177,4
6178,2
6179,4
6180,4
6181,3
6182,4
6183,4
6184,3
6185,3
6186,2
6187,4
6188,4
6189,3
6190,4
6191,2
6192,4
6193,2
6194,1
6195,1
6196,1
6197,4
6198,4
6199,1
6200,3
6201,4
6202,2
6203,2
6204,1
6205,4
6206,1
6207,3
6208,3
6209,2
6210,3
6211,2
6212,1
6213,1
6214,3
6215,3
6216,2
6217,2
6218,4
6219,4
6220,1
6221,3
6222,4
6223,3
6224,1
6225,1
6226,2
6227,4
6228,1
6229,2
6230,2
6231,4
6232,4
6233,1
6234,2
6235,4
6236,3
6237,3
6238,3
6239,2
6240,3
6241,2
6242,1
6243,1
6244,1
6245,4
6246,1
6247,2
6248,1
6249,1
6250,2
6251,4
6252,1
6253,4
6254,3
6255,4
6256,4
6257,1
6258,4
6259,1
6260,3
6261,3
6262,1
6263,1
6264,1
6265,3
6266,2
6267,3
6268,3
6269,2
6270,2
6271,1
6272,3
6273,2
6274,4
6275,3
6276,1
6277,1
6278,1
6279,4
6280,1
6281,2
6282,3
6283,3
6284,2
6285,3
6286,2
6287,3
6288,2
6289,4
6290,2
6291,1
6292,4
6293,2
6294,2
6295,1
6296,2
6297,4
6298,1
6299,3
6300,1
6301,2
6302,4
6303,4
6304,2
6305,3
6306,2
6307,3
6308,4
6309,1
6310,4
6311,1
6312,3
6313,4
6314,4
6315,4
6316,2
6317,1
6318,2
6319,3
6320,3
6321,3
6322,3
6323,1
6324,3
6325,3
6326,1
6327,2
6328,4
6329,1
6330,4
6331,2
6332,2
6333,1
6334,4
6335,1
6336,4
6337,2
6338,3
6339,2
6340,3
6341,4
6342,4
6343,1
6344,3
6345,3
6346,3
6347,2
6348,1
6349,2
6350,1
6351,3
6352,2
6353,4
6354,3
6355,2
6356,1
6357,3
6358,2
6359,1
6360,4
6361,3
6362,1
6363,2
6364,3
6365,3
6366,1
6367,2
6368,4
6369,2
6370,3
6371,3
6372,1
6373,3
6374,2
6375,4
6376,2
6377,2
6378,4
6379,4
6380,4
6381,3
6382,1
6383,4
6384,3
6385,3
6386,1
6387,2
6388,2
6389,3
6390,4
6391,3
6392,2
6393,4
6394,2
6395,3
6396,4
6397,2
6398,4
6399,1
6400,4
6401,2
6402,4
6403,1
6404,2
6405,3
6406,3
6407,4
6408,4
6409,3
6410,2
6411,2
6412,4
6413,2
6414,1
6415,4
6416,4
6417,3
6418,2
6419,3
6420,2
6421,4
6422,2
6423,1
6424,2
6425,1
6426,1
6427,4
6428,2
6429,3
6430,1
6431,1
6432,2
6433,1
6434,1
6435,1
6436,3
6437,2
6438,1
6439,4
6440,2
6441,4
6442,4
6443,3
6444,1
6445,4
6446,4
6447,2
6448,2
6449,3
6450,1
6451,2
6452,1
6453,1
6454,3
6455,1
6456,1
6457,1
6458,3
6459,3
6460,2
6461,3
6462,4
6463,2
6464,3
6465,2
6466,4
6467,2
6468,3
6469,2
6470,1
6471,1
6472,3
6473,3
6474,4
6475,1
6476,1
6477,4
6478,4
6479,2
6480,2
6481,4
6482,4
6483,3
6484,2
6485,1
6486,3
6487,3
6488,1
6489,4
6490,1
6491,4
6492,3
6493,2
6494,1
6495,2
6496,2
6497,1
6498,4
6499,2
6500,2
6501,2
6502,2
6503,2
6504,3
6505,4
6506,1
6507,3
6508,3
6509,1
6510,1
6511,4
6512,1
6513,4
6514,2
6515,2
6516,4
6517,2
6518,1
6519,3
6520,2
6521,3
6522,1
6523,4
6524,4
6525,2
6526,3
6527,3
6528,4
6529,4
6530,2
6531,2
6532,2
6533,1
6534,4
6535,3
6536,4
6537,2
6538,3
6539,4
6540,3
6541,3
6542,1
6543,4
6544,3
6545,4
6546,2
6547,2
6548,1
6549,1
6550,4
6551,4
6552,3
6553,4
6554,3
6555,3
6556,3
6557,2
6558,4
6559,3
6560,2
6561,2
6562,3
6563,4
6564,4
6565,2
6566,3
6567,4
6568,4
6569,4
6570,3
6571,2
6572,3
6573,2
6574,2
6575,1
6576,2
6577,3
6578,4
6579,3
6580,1
6581,3
6582,2
6583,1
6584,2
6585,4
6586,3
6587,2
6588,1
6589,3
6590,2
6591,3
6592,1
6593,1
6594,1
6595,3
6596,3
6597,2
6598,3
6599,2
6600,4
6601,3
6602,1
6603,4
6604,3
6605,4
6606,1
6607,2
6608,1
6609,1
6610,1
6611,4
6612,1
6613,3
6614,4
6615,2
6616,3
6617,4
6618,1
6619,2
6620,3
6621,2
6622,1
6623,2
6624,2
6625,3
6626,3
6627,4
6628,3
6629,4
6630,2
6631,3
6632,2
6633,4
6634,1
6635,3
6636,1
6637,4
6638,1
6639,1
6640,2
6641,3
6642,1
6643,3
6644,4
6645,2
6646,4
6647,3
6648,3
6649,2
6650,2
6651,3
6652,2
6653,3
6654,3
6655,4
6656,1
6657,2
6658,3
6659,2
6660,4
6661,1
6662,4
6663,4
6664,4
6665,3
6666,1
6667,3
6668,1
6669,4
6670,3
6671,4
6672,2
6673,1
6674,1
6675,3
6676,2
6677,3
6678,3
6679,2
6680,2
6681,1
6682,1
6683,1
6684,4
6685,2
6686,3
6687,4
6688,3
6689,4
6690,3
6691,2
6692,3
6693,3
6694,3
6695,2
6696,2
6697,1
6698,2
6699,2
6700,3
6701,2
6702,3
6703,3
6704,3
6705,2
6706,2
6707,1
6708,1
6709,3
6710,4
6711,1
6712,2
6713,1
6714,2
6715,3
6716,2
6717,1
6718,1
6719,1
6720,3
6721,4
6722,4
6723,3
6724,3
6725,1
6726,4
6727,1
6728,1
6729,3
6730,2
6731,4
6732,1
6733,4
6734,3
6735,1
6736,3
6737,4
6738,3
6739,1
6740,2
6741,1
6742,4
6743,1
6744,1
6745,4
6746,3
6747,2
6748,3
6749,4
6750,1
6751,3
6752,1
6753,2
6754,2
6755,1
6756,2
6757,1
6758,4
6759,4
6760,3
6761,2
6762,2
6763,4
6764,1
6765,4
6766,4
6767,2
6768,1
6769,4
6770,4
6771,2
6772,1
6773,2
6774,2
6775,3
6776,3
6777,1
6778,1
6779,3
6780,4
6781,4
6782,1
6783,1
6784,3
6785,3
6786,1
6787,2
6788,2
6789,3
6790,4
6791,3
6792,1
6793,3
6794,3
6795,4
6796,3
6797,3
6798,1
6799,3
6800,1
6801,2
6802,1
6803,4
6804,3
6805,3
6806,1
6807,4
6808,4
6809,3
6810,4
6811,4
6812,2
6813,4
6814,3
6815,1
6816,2
6817,1
6818,3
6819,3
6820,3
6821,3
6822,1
6823,1
6824,4
6825,3
6826,4
6827,4
6828,3
6829,4
6830,4
6831,1
6832,1
6833,4
6834,4
6835,4
6836,4
6837,2
6838,4
6839,4
6840,2
6841,4
6842,2
6843,2
6844,4
6845,2
6846,2
6847,3
6848,3
6849,4
6850,1
6851,3
6852,3
6853,1
6854,4
6855,3
6856,3
6857,4
6858,1
6859,3
6860,4
6861,4
6862,4
6863,2
6864,1
6865,4
6866,2
6867,3
6868,1
6869,1
6870,3
6871,4
6872,3
6873,3
6874,1
6875,1
6876,4
6877,3
6878,4
6879,3
6880,2
6881,4
6882,2
6883,2
6884,3
6885,2
6886,1
6887,2
6888,3
6889,3
6890,2
6891,3
6892,2
6893,1
6894,4
6895,1
6896,2
6897,4
6898,2
6899,3
6900,3
6901,3
6902,2
6903,1
6904,3
6905,4
6906,2
6907,3
6908,3
6909,3
6910,3
6911,3
6912,2
6913,4
6914,2
6915,3
6916,3
6917,1
6918,3
6919,2
6920,4
6921,2
6922,3
6923,1
6924,3
6925,3
6926,1
6927,1
6928,2
6929,2
6930,1
6931,3
6932,4
6933,1
6934,4
6935,3
6936,3
6937,4
6938,1
6939,3
6940,3
6941,2
6942,1
6943,2
6944,4
6945,3
6946,3
6947,2
6948,4
6949,4
6950,1
6951,3
6952,1
6953,4
6954,3
6955,4
6956,2
6957,4
6958,1
6959,4
6960,4
6961,3
6962,1
6963,4
6964,1
6965,4
6966,2
6967,4
6968,3
6969,2
6970,3
6971,3
6972,3
6973,3
6974,3
6975,1
6976,1
6977,1
6978,4
6979,4
6980,1
6981,3
6982,1
6983,1
6984,3
6985,1
6986,3
6987,4
6988,2
6989,2
6990,1
6991,3
6992,2
6993,4
6994,3
6995,1
6996,4
6997,3
6998,2
6999,3
7000,3
7001,2
7002,3
7003,3
7004,4
7005,4
7006,3
7007,4
7008,2
7009,4
7010,4
7011,1
7012,2
7013,1
7014,1
7015,4
7016,4
7017,2
7018,1
7019,3
7020,4
7021,3
7022,3
7023,1
7024,1
7025,4
7026,4
7027,4
7028,1
7029,4
7030,2
7031,2
7032,1
7033,1
7034,3
7035,2
7036,2
7037,2
7038,4
7039,2
7040,1
7041,4
7042,2
7043,3
7044,1
7045,2
7046,3
7047,2
7048,4
7049,3
7050,1
7051,1
7052,4
7053,1
7054,3
7055,3
7056,3
7057,1
7058,1
7059,1
7060,1
7061,2
7062,3
7063,3
7064,2
7065,1
7066,4
7067,4
7068,2
7069,2
7070,1
7071,3
7072,1
7073,1
7074,2
7075,2
7076,2
7077,2
7078,4
7079,2
7080,1
7081,3
7082,1
7083,1
7084,1
7085,3
7086,2
7087,1
7088,1
7089,1
7090,3
7091,3
7092,1
7093,4
7094,2
7095,3
7096,4
7097,1
7098,2
7099,2
7100,1
7101,1
7102,1
7103,4
7104,1
7105,1
7106,3
7107,4
7108,1
7109,3
7110,4
7111,1
7112,2
7113,2
7114,2
7115,4
7116,1
7117,4
7118,3
7119,2
7120,1
7121,4
7122,2
7123,4
7124,1
7125,3
7126,2
7127,2
7128,2
7129,2
7130,1
7131,1
7132,2
7133,3
7134,1
7135,2
7136,3
7137,1
7138,2
7139,4
7140,3
7141,1
7142,2
7143,2
7144,1
7145,2
7146,2
7147,4
7148,4
7149,4
7150,2
7151,4
7152,2
7153,2
7154,1
7155,1
7156,3
7157,2
7158,4
7159,1
7160,1
7161,2
7162,1
7163,2
7164,1
7165,3
7166,3
7167,4
7168,1
7169,4
7170,2
7171,1
7172,1
7173,1
7174,4
7175,1
7176,2
7177,2
7178,2
7179,1
7180,3
7181,2
7182,4
7183,1
7184,2
7185,1
7186,1
7187,3
7188,3
7189,4
7190,2
7191,4
7192,3
7193,3
7194,3
7195,4
7196,1
7197,3
7198,2
7199,1
7200,3
7201,3
7202,2
7203,2
7204,2
7205,2
7206,4
7207,2
7208,2
7209,4
7210,4
7211,2
7212,3
7213,4
7214,2
7215,1
7216,2
7217,2
7218,2
7219,1
7220,2
7221,1
7222,3
7223,3
7224,1
7225,2
7226,2
7227,2
7228,3
7229,3
7230,3
7231,3
7232,1
7233,3
7234,3
7235,4
7236,3
7237,4
7238,4
7239,1
7240,3
7241,4
7242,2
7243,4
7244,3
7245,3
7246,2
7247,2
7248,2
7249,3
7250,3
7251,4
7252,2
7253,2
7254,1
7255,3
7256,3
7257,4
7258,4
7259,4
7260,3
7261,1
7262,2
7263,2
7264,1
7265,3
7266,3
7267,3
7268,4
7269,3
7270,2
7271,4
7272,1
7273,2
7274,3
7275,4
7276,2
7277,1
7278,2
7279,4
7280,3
7281,3
7282,3
7283,4
7284,4
7285,1
7286,3
7287,2
7288,1
7289,2
7290,2
7291,1
7292,2
7293,4
7294,4
7295,1
7296,3
7297,3
7298,3
7299,3
7300,1
7301,1
7302,2
7303,2
7304,1
7305,1
7306,1
7307,1
7308,2
7309,2
7310,1
7311,4
7312,2
7313,2
7314,2
7315,2
7316,2
7317,4
7318,2
7319,2
7320,4
7321,2
7322,3
7323,2
7324,2
7325,2
7326,3
7327,4
7328,4
7329,2
7330,4
7331,1
7332,3
7333,2
7334,3
7335,4
7336,2
7337,2
7338,1
7339,1
7340,3
7341,1
7342,2
7343,1
7344,1
7345,2
7346,3
7347,1
7348,1
7349,1
7350,4
7351,1
7352,3
7353,2
7354,2
7355,2
7356,2
7357,3
7358,4
7359,4
7360,4
7361,2
7362,1
7363,1
7364,2
7365,2
7366,1
7367,4
7368,1
7369,1
7370,4
7371,1
7372,3
7373,1
7374,3
7375,1
7376,3
7377,3
7378,3
7379,3
7380,4
7381,2
7382,2
7383,1
7384,4
7385,1
7386,1
7387,1
7388,4
7389,2
7390,1
7391,1
7392,4
7393,1
7394,2
7395,2
7396,2
7397,3
7398,4
7399,1
7400,4
7401,4
7402,2
7403,4
7404,1
7405,1
7406,1
7407,2
7408,4
7409,1
7410,4
7411,3
7412,1
7413,2
7414,3
7415,4
7416,4
7417,3
7418,4
7419,2
7420,1
7421,1
7422,2
7423,4
7424,1
7425,2
7426,3
7427,4
7428,3
7429,2
7430,4
7431,3
7432,1
7433,2
7434,4
7435,3
7436,2
7437,4
7438,1
7439,1
7440,3
7441,2
7442,2
7443,1
7444,1
7445,4
7446,4
7447,4
7448,2
7449,3
7450,3
7451,3
7452,1
7453,2
7454,3
7455,4
7456,3
7457,1
7458,4
7459,1
7460,2
7461,3
7462,4
7463,2
7464,2
7465,2
7466,3
7467,4
7468,2
7469,2
7470,3
7471,1
7472,4
7473,1
7474,3
7475,4
7476,1
7477,2
7478,1
7479,1
7480,3
7481,4
7482,1
7483,2
7484,1
7485,2
7486,3
7487,4
7488,2
7489,2
7490,2
7491,1
7492,3
7493,4
7494,3
7495,1
7496,3
7497,2
7498,2
7499,2
7500,3
7501,4
7502,3
7503,1
7504,3
7505,3
7506,4
7507,4
7508,4
7509,4
7510,2
7511,4
7512,2
7513,2
7514,1
7515,4
7516,4
7517,2
7518,1
7519,3
7520,3
7521,2
7522,3
7523,1
7524,1
7525,3
7526,2
7527,2
7528,1
7529,3
7530,3
7531,2
7532,3
7533,3
7534,4
7535,4
7536,4
7537,3
7538,4
7539,3
7540,4
7541,3
7542,2
7543,1
7544,3
7545,4
7546,2
7547,2
7548,2
7549,2
7550,3
7551,4
7552,2
7553,2
7554,1
7555,3
7556,2
7557,2
7558,2
7559,1
7560,3
7561,1
7562,1
7563,1
7564,4
7565,4
7566,2
7567,2
7568,2
7569,4
7570,3
7571,1
7572,4
7573,4
7574,4
7575,1
7576,1
7577,2
7578,1
7579,4
7580,3
7581,4
7582,2
7583,4
7584,2
7585,3
7586,4
7587,4
7588,3
7589,3
7590,3
7591,3
7592,1
7593,3
7594,2
7595,1
7596,4
7597,3
7598,4
7599,1
7600,2
7601,2
7602,2
7603,3
7604,2
7605,3
7606,4
7607,3
7608,3
7609,1
7610,2
7611,4
7612,1
7613,3
7614,1
7615,1
7616,2
7617,3
7618,4
7619,2
7620,4
7621,1
7622,2
7623,4
7624,4
7625,4
7626,3
7627,1
7628,1
7629,4
7630,3
7631,2
7632,4
7633,1
7634,4
7635,2
7636,1
7637,4
7638,3
7639,4
7640,2
7641,3
7642,3
7643,1
7644,2
7645,3
7646,1
7647,2
7648,3
7649,2
7650,2
7651,3
7652,3
7653,2
7654,3
7655,4
7656,1
7657,4
7658,1
7659,2
7660,3
7661,1
7662,3
7663,1
7664,2
7665,3
7666,3
7667,2
7668,4
7669,2
7670,3
7671,1
7672,3
7673,2
7674,1
7675,4
7676,3
7677,2
7678,2
7679,2
7680,4
7681,4
7682,2
7683,3
7684,3
7685,3
7686,2
7687,1
7688,2
7689,1
7690,4
7691,3
7692,2
7693,1
7694,2
7695,3
7696,3
7697,2
7698,1
7699,3
7700,2
7701,4
7702,2
7703,4
7704,2
7705,1
7706,3
7707,3
7708,4
7709,2
7710,3
7711,1
7712,1
7713,1
7714,3
7715,4
7716,4
7717,3
7718,3
7719,1
7720,4
7721,2
7722,3
7723,4
7724,3
7725,3
7726,1
7727,3
7728,1
7729,1
7730,4
7731,3
7732,2
7733,4
7734,2
7735,3
7736,2
7737,1
7738,3
7739,1
7740,3
7741,2
7742,2
7743,4
7744,2
7745,1
7746,2
7747,4
7748,1
7749,3
7750,4
7751,3
7752,4
7753,4
7754,3
7755,4
7756,3
7757,4
7758,3
7759,4
7760,2
7761,3
7762,3
7763,1
7764,3
7765,4
7766,2
7767,4
7768,1
7769,3
7770,2
7771,4
7772,4
7773,2
7774,1
7775,3
7776,1
7777,4
7778,3
7779,3
7780,3
7781,1
7782,1
7783,3
7784,2
7785,2
7786,3
7787,4
7788,3
7789,1
7790,1
7791,3
7792,1
7793,3
7794,3
7795,4
7796,1
7797,4
7798,2
7799,3
7800,2
7801,2
7802,2
7803,3
7804,4
7805,1
7806,3
7807,3
7808,4
7809,3
7810,2
7811,4
7812,1
7813,2
7814,1
7815,2
7816,3
7817,2
7818,4
7819,1
7820,4
7821,4
7822,3
7823,2
7824,3
7825,2
7826,2
7827,1
7828,1
7829,1
7830,4
7831,4
7832,4
7833,4
7834,3
7835,1
7836,4
7837,4
7838,4
7839,1
7840,2
7841,3
7842,2
7843,1
7844,4
7845,4
7846,2
7847,1
7848,2
7849,1
7850,4
7851,2
7852,2
7853,3
7854,2
7855,3
7856,4
7857,2
7858,3
7859,4
7860,1
7861,2
7862,2
7863,4
7864,3
7865,2
7866,1
7867,2
7868,3
7869,3
7870,1
7871,3
7872,3
7873,4
7874,2
7875,2
7876,1
7877,2
7878,3
7879,1
7880,4
7881,4
7882,4
7883,2
7884,4
7885,3
7886,2
7887,1
7888,1
7889,1
7890,3
7891,4
7892,2
7893,3
7894,2
7895,3
7896,4
7897,4
7898,3
7899,1
7900,2
7901,2
7902,2
7903,2
7904,2
7905,2
7906,1
7907,3
7908,3
7909,1
7910,1
7911,3
7912,2
7913,4
7914,3
7915,2
7916,2
7917,2
7918,4
7919,1
7920,4
7921,4
7922,1
7923,3
7924,4
7925,3
7926,3
7927,2
7928,1
7929,4
7930,4
7931,4
7932,2
7933,2
7934,1
7935,2
7936,3
7937,1
7938,1
7939,2
7940,4
7941,3
7942,1
7943,4
7944,3
7945,2
7946,4
7947,1
7948,2
7949,1
7950,4
7951,3
7952,4
7953,2
7954,1
7955,4
7956,2
7957,3
7958,3
7959,3
7960,3
7961,4
7962,1
7963,2
7964,4
7965,1
7966,1
7967,1
7968,1
7969,2
7970,1
7971,1
7972,4
7973,2
7974,4
7975,2
7976,2
7977,2
7978,3
7979,4
7980,1
7981,2
7982,1
7983,1
7984,1
7985,4
7986,2
7987,2
7988,4
7989,4
7990,2
7991,4
7992,3
7993,3
7994,4
7995,1
7996,4
7997,1
7998,3
7999,1
8000,1
8001,4
8002,4
8003,3
8004,4
8005,2
8006,2
8007,4
8008,3
8009,3
8010,3
8011,4
8012,3
8013,1
8014,2
8015,2
8016,2
8017,3
8018,1
8019,2
8020,4
8021,2
8022,3
8023,1
8024,2
8025,2
8026,2
8027,3
8028,2
8029,3
8030,3
8031,2
8032,4
8033,2
8034,2
8035,1
8036,3
8037,1
8038,3
8039,1
8040,2
8041,3
8042,3
8043,3
8044,1
8045,4
8046,1
8047,1
8048,1
8049,1
8050,3
8051,3
8052,3
8053,2
8054,2
8055,3
8056,4
8057,4
8058,3
8059,3
8060,1
8061,2
8062,3
8063,4
8064,4
8065,4
8066,1
8067,4
8068,3
8069,1
8070,3
8071,4
8072,1
8073,4
8074,2
8075,3
8076,1
8077,4
8078,2
8079,1
8080,4
8081,4
8082,3
8083,1
8084,2
8085,4
8086,4
8087,3
8088,3
8089,3
8090,2
8091,4
8092,2
8093,4
8094,2
8095,3
8096,2
8097,3
8098,2
8099,1
8100,4
8101,3
8102,2
8103,3
8104,1
8105,4
8106,3
8107,2
8108,2
8109,3
8110,3
8111,1
8112,1
8113,3
8114,3
8115,4
8116,3
8117,4
8118,1
8119,4
8120,1
8121,1
8122,4
8123,4
8124,4
8125,4
8126,4
8127,3
8128,4
8129,4
8130,3
8131,3
8132,4
8133,4
8134,3
8135,2
8136,4
8137,4
8138,1
8139,2
8140,1
8141,3
8142,4
8143,4
8144,4
8145,2
8146,1
8147,3
8148,1
8149,4
8150,4
8151,3
8152,2
8153,2
8154,1
8155,1
8156,2
8157,3
8158,1
8159,3
8160,4
8161,3
8162,1
8163,4
8164,4
8165,1
8166,2
8167,3
8168,3
8169,3
8170,3
8171,3
8172,3
8173,2
8174,1
8175,4
8176,4
8177,2
8178,3
8179,1
8180,2
8181,1
8182,4
8183,1
8184,2
8185,1
8186,4
8187,2
8188,1
8189,1
8190,3
8191,2
8192,2
8193,4
8194,1
8195,4
8196,3
8197,2
8198,2
8199,2
8200,4
8201,4
8202,1
8203,3
8204,2
8205,3
8206,4
8207,1
8208,2
8209,1
8210,4
8211,2
8212,3
8213,3
8214,4
8215,2
8216,1
8217,4
8218,3
8219,1
8220,1
8221,1
8222,3
8223,2
8224,2
8225,2
8226,2
8227,3
8228,4
8229,2
8230,1
8231,1
8232,3
8233,4
8234,3
8235,3
8236,1
8237,4
8238,3
8239,2
8240,1
8241,3
8242,3
8243,1
8244,1
8245,2
8246,2
8247,4
8248,2
8249,4
8250,4
8251,4
8252,2
8253,2
8254,3
8255,2
8256,2
8257,3
8258,4
8259,1
8260,4
8261,4
8262,4
8263,3
8264,4
8265,3
8266,3
8267,3
8268,3
8269,2
8270,1
8271,1
8272,4
8273,1
8274,3
8275,4
8276,3
8277,2
8278,2
8279,1
8280,1
8281,2
8282,3
8283,2
8284,1
8285,1
8286,1
8287,2
8288,4
8289,1
8290,4
8291,2
8292,4
8293,4
8294,4
8295,2
8296,3
8297,1
8298,4
8299,4
8300,1
8301,1
8302,1
8303,4
8304,2
8305,4
8306,1
8307,1
8308,2
8309,2
8310,1
8311,1
8312,2
8313,4
8314,2
8315,1
8316,4
8317,2
8318,1
8319,4
8320,3
8321,1
8322,3
8323,3
8324,3
8325,4
8326,3
8327,1
8328,1
8329,3
8330,2
8331,2
8332,1
8333,3
8334,1
8335,3
8336,2
8337,3
8338,4
8339,4
8340,2
8341,3
8342,1
8343,2
8344,4
8345,4
8346,4
8347,3
8348,1
8349,2
8350,1
8351,3
8352,1
8353,4
8354,4
8355,1
8356,1
8357,3
8358,4
8359,4
8360,1
8361,2
8362,3
8363,4
8364,1
8365,3
8366,3
8367,2
8368,4
8369,1
8370,1
8371,1
8372,1
8373,2
8374,2
8375,3
8376,2
8377,1
8378,1
8379,4
8380,2
8381,2
8382,4
8383,2
8384,1
8385,4
8386,1
8387,1
8388,3
8389,4
8390,4
8391,4
8392,3
8393,2
8394,2
8395,2
8396,4
8397,4
8398,1
8399,1
8400,4
8401,2
8402,3
8403,4
8404,4
8405,1
8406,1
8407,4
8408,4
8409,3
8410,4
8411,4
8412,1
8413,1
8414,1
8415,4
8416,2
8417,2
8418,3
8419,1
8420,3
8421,1
8422,2
8423,1
8424,1
8425,4
8426,4
8427,1
8428,2
8429,4
8430,3
8431,4
8432,3
8433,4
8434,4
8435,3
8436,2
8437,4
8438,3
8439,2
8440,2
8441,4
8442,3
8443,3
8444,2
8445,4
8446,4
8447,3
8448,2
8449,4
8450,1
8451,2
8452,4
8453,3
8454,4
8455,3
8456,2
8457,1
8458,4
8459,1
8460,4
8461,2
8462,4
8463,1
8464,4
8465,2
8466,4
8467,1
8468,4
8469,4
8470,2
8471,2
8472,2
8473,1
8474,4
8475,1
8476,4
8477,2
8478,3
8479,3
8480,4
8481,1
8482,2
8483,3
8484,2
8485,3
8486,4
8487,3
8488,2
8489,4
8490,3
8491,2
8492,1
8493,3
8494,2
8495,1
8496,1
8497,1
8498,1
8499,2
8500,1
8501,1
8502,1
8503,2
8504,3
8505,1
8506,4
8507,4
8508,3
8509,3
8510,1
8511,1
8512,3
8513,1
8514,2
8515,2
8516,4
8517,4
8518,3
8519,3
8520,1
8521,1
8522,1
8523,4
8524,2
8525,4
8526,1
8527,4
8528,4
8529,2
8530,2
8531,3
8532,4
8533,4
8534,4
8535,3
8536,4
8537,1
8538,4
8539,3
8540,4
8541,4
8542,1
8543,4
8544,4
8545,4
8546,3
8547,4
8548,4
8549,3
8550,2
8551,3
8552,2
8553,4
8554,3
8555,4
8556,2
8557,1
8558,4
8559,4
8560,4
8561,3
8562,1
8563,4
8564,4
8565,3
8566,3
8567,2
8568,1
8569,1
8570,1
8571,3
8572,1
8573,2
8574,4
8575,3
8576,4
8577,2
8578,1
8579,3
8580,1
8581,4
8582,2
8583,3
8584,1
8585,3
8586,3
8587,1
8588,3
8589,2
8590,3
8591,3
8592,3
8593,1
8594,3
8595,2
8596,4
8597,3
8598,4
8599,3
8600,1
8601,1
8602,2
8603,1
8604,3
8605,3
8606,1
8607,3
8608,4
8609,3
8610,1
8611,3
8612,4
8613,4
8614,3
8615,1
8616,3
8617,2
8618,3
8619,2
8620,4
8621,1
8622,4
8623,2
8624,4
8625,4
8626,4
8627,1
8628,4
8629,3
8630,4
8631,2
8632,3
8633,4
8634,2
8635,4
8636,1
8637,4
8638,1
8639,4
8640,3
8641,2
8642,1
8643,2
8644,2
8645,2
8646,3
8647,1
8648,3
8649,3
8650,3
8651,1
8652,2
8653,1
8654,1
8655,3
8656,4
8657,2
8658,3
8659,2
8660,1
8661,1
8662,1
8663,4
8664,2
8665,2
8666,2
8667,4
8668,2
8669,1
8670,3
8671,3
8672,2
8673,2
8674,3
8675,4
8676,4
8677,2
8678,1
8679,1
8680,3
8681,1
8682,3
8683,4
8684,4
8685,2
8686,1
8687,3
8688,4
8689,1
8690,1
8691,3
8692,2
8693,3
8694,4
8695,4
8696,3
8697,2
8698,4
8699,3
8700,3
8701,1
8702,1
8703,3
8704,3
8705,1
8706,2
8707,4
8708,1
8709,1
8710,2
8711,2
8712,3
8713,3
8714,4
8715,2
8716,1
8717,3
8718,2
8719,1
8720,2
8721,1
8722,4
8723,2
8724,3
8725,1
8726,3
8727,3
8728,3
8729,1
8730,4
8731,2
8732,1
8733,3
8734,3
8735,3
8736,3
8737,4
8738,4
8739,3
8740,4
8741,1
8742,3
8743,1
8744,2
8745,4
8746,1
8747,2
8748,2
8749,3
8750,4
8751,4
8752,4
8753,4
8754,2
8755,1
8756,3
8757,4
8758,4
8759,4
8760,4
8761,1
8762,1
8763,4
8764,1
8765,2
8766,4
8767,1
8768,1
8769,3
8770,1
8771,1
8772,1
8773,4
8774,4
8775,1
8776,1
8777,2
8778,2
8779,1
8780,3
8781,4
8782,3
8783,3
8784,2
8785,3
8786,4
8787,2
8788,4
8789,4
8790,4
8791,3
8792,2
8793,3
8794,1
8795,4
8796,3
8797,2
8798,4
8799,1
8800,3
8801,1
8802,1
8803,3
8804,2
8805,1
8806,3
8807,4
8808,1
8809,3
8810,4
8811,3
8812,2
8813,3
8814,1
8815,4
8816,4
8817,4
8818,1
8819,4
8820,1
8821,4
8822,1
8823,4
8824,2
8825,4
8826,1
8827,4
8828,1
8829,3
8830,2
8831,4
8832,1
8833,2
8834,2
8835,1
8836,4
8837,3
8838,4
8839,2
8840,4
8841,4
8842,2
8843,3
8844,3
8845,4
8846,2
8847,4
8848,1
8849,2
8850,1
8851,3
8852,2
8853,1
8854,4
8855,3
8856,4
8857,3
8858,1
8859,1
8860,1
8861,2
8862,1
8863,1
8864,1
8865,3
8866,4
8867,2
8868,3
8869,1
8870,4
8871,1
8872,3
8873,3
8874,2
8875,1
8876,4
8877,4
8878,1
8879,2
8880,1
8881,2
8882,1
8883,3
8884,2
8885,1
8886,4
8887,1
8888,3
8889,4
8890,4
8891,1
8892,4
8893,3
8894,4
8895,2
8896,3
8897,4
8898,3
8899,4
8900,3
8901,3
8902,3
8903,1
8904,1
8905,1
8906,1
8907,4
8908,4
8909,1
8910,1
8911,2
8912,4
8913,2
8914,2
8915,4
8916,3
8917,2
8918,2
8919,3
8920,4
8921,4
8922,4
8923,1
8924,3
8925,3
8926,4
8927,3
8928,4
8929,3
8930,4
8931,2
8932,4
8933,2
8934,3
8935,1
8936,1
8937,1
8938,3
8939,3
8940,2
8941,3
8942,2
8943,3
8944,3
8945,1
8946,4
8947,2
8948,4
8949,1
8950,4
8951,3
8952,3
8953,4
8954,2
8955,1
8956,4
8957,4
8958,2
8959,4
